Case5;Case6;Case7;Case8;Case9;Case10;Triples
1;1;1;1;1;1;influenza caused virus
1;1;1;1;1;1;effect achieved way
1;1;1;1;1;1;viruses caused infections
1;1;1;1;1;1;blisters appear herpes simplex virus
1;1;1;1;1;1;blisters caused herpes simplex virus
1;1;1;1;1;1;circuit comprises converter
1;1;1;1;1;1;Roundworms caused parasite
1;1;1;1;0;1;subject imply implication
1;1;1;1;1;0;talent emanated village
1;1;1;1;1;1;narrative comprises interplay
1;1;1;1;1;1;murders result conviction
1;1;1;1;1;1;vibrations caused movement
1;1;1;1;1;1;regulations entered force
1;1;1;1;1;1;clubs falling ownership
1;1;1;1;1;1;station receives device
1;1;1;1;1;1;spills caused hurricane
1;1;1;1;1;1;diseases caused gene mutations
1;1;1;1;1;1;response caused ripple
1;1;1;1;1;1;air filled smell
1;1;1;1;1;1;receiver outputting tone
1;1;1;1;1;1;speech criticised idea
1;1;1;1;1;1;Asteroid threatened disaster
1;1;1;1;1;1;tales concerning concerns
1;1;1;1;1;1;documents troubling strategies
1;1;1;1;1;1;implications indicated publication
1;1;1;1;0;0;model derived example
1;1;1;1;1;1;analyzer identifies method
1;1;1;1;0;1;analyzer using method
1;1;1;1;1;1;Rain caused cancellation
1;0;1;1;1;0;containers fell dam
1;1;1;1;1;1;crash caused attack
1;1;1;1;1;1;Conditions criticised report
1;1;1;1;1;1;sound captures combination
1;1;1;1;1;0;drilling threatens chemicals
1;0;1;0;1;0;information came press release
1;1;1;1;1;1;damage caused misuse
1;1;1;1;1;1;airstrike resulted explosions
1;1;1;1;1;1;Barrages make energy
1;1;1;1;1;1;conflict caused wastewater
1;1;1;1;1;1;car using engine
1;1;1;1;1;1;damage caused tornado
1;1;1;1;1;1;downturn made people
1;1;1;1;1;1;activation done source
1;1;1;1;1;1;article explains difficulties
1;1;1;1;0;1;colors caused dispersion
1;1;1;1;1;0;articles identified promotion
1;1;1;1;1;1;question raised announcement
1;1;1;1;1;1;pain caused strains
1;1;1;1;1;1;storm moving town
1;1;1;1;1;1;damage caused earthquake
1;0;1;1;0;0;Air blown mouthpiece
1;1;1;1;1;1;misinterpretation caused word
1;1;1;1;1;1;damage caused bombing
1;1;1;1;1;1;death caused tsunami
1;1;1;1;1;1;leakage caused person
1;1;1;1;1;1;fear suffered stab
1;1;1;1;1;1;fear caused stab
1;1;1;1;1;1;topic came discussion
1;1;1;1;1;1;suffering caused embargo
1;1;1;1;1;1;attacker killed instrument
1;0;1;1;0;0;company mocked version
1;1;1;1;1;1;anger caused abuse
1;1;1;1;1;1;advertising inform selections
1;0;1;1;1;1;leaflet informing qualities
1;1;1;1;1;1;strike resulted death
1;0;1;0;1;0;album completed singer
1;1;1;1;1;1;fear caused power
1;1;1;1;1;1;Tides caused gravitational pull
1;1;1;1;1;1;Stroke leading death
1;1;1;1;1;1;pain caused torment
1;1;1;1;1;1;community eluded positions
1;1;1;1;1;1;distraction caused incident
1;1;1;1;1;1;distraction coupled incident
1;1;1;1;1;1;light radiating friend
1;1;1;1;1;1;entrapments resulted suffocation
1;1;1;1;1;1;Storms lead losses
1;1;1;1;1;1;laws applying war
1;1;1;1;1;1;cross removed site
1;1;1;1;1;1;lighting rendering works
1;1;1;1;1;1;Discussion took function
1;1;1;1;1;0;document sets facts
1;1;1;1;1;1;document established levels
1;1;1;1;1;1;answer grows trend
1;1;1;1;1;1;programme consider happiness
1;1;1;1;1;1;devastation caused waves
1;1;1;1;1;0;Noise regulations come force
1;1;1;1;1;1;Cancer causes illness
1;1;1;1;1;1;Inhalation fumes irritation
1;1;1;1;1;1;Inhalation produces irritation
1;1;1;1;1;1;seminar gave system
1;1;1;1;1;1;noise caused powertrain
1;1;1;1;1;1;pandemic caused infection
1;1;1;1;1;1;evidence arose results
1;1;1;1;0;0;law covering registration
1;1;1;1;1;1;tsunami triggered earthquake
1;1;1;1;1;1;ulcer caused stress
1;1;1;1;1;1;Recessions caused excess demand
1;0;1;0;0;0;boom hinged fitting
1;1;1;1;1;1;recession triggered collapse
1;1;1;1;1;1;Lesions caused leg weakness
1;1;1;1;1;1;suffering caused bomb
1;1;1;1;1;1;death caused cancellation
1;1;1;1;1;1;problems ensued policy
1;1;1;1;1;1;incoming water caused stain
1;1;1;1;1;1;bleeding caused injury
1;1;1;1;1;1;effect lighting light
1;1;1;1;1;1;crisis caused jobless rate
1;1;1;1;1;0;corruption triggered utilities
1;1;1;1;1;1;creatures caused scare
1;1;1;1;1;1;ban caused debate
1;1;1;1;1;1;report giving activities
1;1;1;1;0;1;experience ensued blend
1;1;1;1;1;1;spill caused tanker
1;1;1;1;1;1;damage caused collision
1;1;1;1;1;1;dopamine causes depression
1;1;1;1;1;1;turbines generate electricity
1;1;1;1;1;1;suffering caused exploitation
1;1;1;1;1;1;mechanism composed magnet
1;1;1;1;1;1;riots bashing verdict
1;1;1;1;1;1;problems pointed study
1;1;1;1;1;0;weather report informed storm conditions
1;0;1;1;1;1;election caused appointment
1;1;1;1;1;0;wind swirling draft
1;1;1;1;1;1;wind caused draft
1;1;1;1;1;1;expansion resulted movements
1;1;1;1;1;0;Highways falling disrepair
1;0;1;1;1;0;exploration moving waters
1;1;1;1;1;1;Infectious diseases caused parasites
1;1;1;1;1;1;interaction arose layers
1;1;1;1;1;1;chemical produced gland
1;1;1;1;1;1;crisis caused cost
1;1;1;1;1;1;crisis escalating cost
1;1;1;1;1;1;injuries caused fireworks
1;1;1;1;1;1;injuries obtained fireworks
1;1;1;1;1;1;relationship thrown chaos
1;1;1;1;1;1;Alcohol cause suicide
1;1;1;1;1;0;disturbances required erosion
1;1;1;1;1;1;disturbances build erosion
1;1;1;1;1;1;disturbances lead erosion
1;1;1;1;1;1;Considerations concerned cases
1;0;1;1;1;0;wheels revolutionized grinding
1;1;1;1;0;0;rule driven approach
1;0;1;1;1;0;promises made leaders
1;1;1;1;1;1;deleveraging triggered crisis
1;1;1;1;1;1;dizziness caused injury
1;0;1;0;0;0;water put tank
1;1;1;1;1;1;virus caused pandemic
1;1;1;1;1;1;team prevailed brilliance
1;1;1;1;1;1;burns caused liquids
1;1;1;1;1;1;idiot pulls motion
1;1;1;1;1;1;flooding caused cyclone
1;1;1;1;1;1;Fog caused delays
1;0;1;1;1;0;administration established centres
1;1;1;1;1;1;model developed event
1;1;1;1;1;1;process caused stricture
1;1;1;1;1;1;suffering caused crisis
1;1;1;1;1;1;infection caused fungus
1;1;1;1;1;1;Tonsillitis caused micro-organisms
1;1;1;1;1;1;Hiccups caused spasm
1;1;1;1;1;0;electricity produced biomass
1;1;1;1;1;1;Landslides caused deaths
1;1;1;1;1;1;humiliation comes people
1;0;1;1;1;1;exhibition sustained contacts
1;1;1;1;1;1;visit caused sensation
1;1;1;1;1;0;voltage instigates reaction
1;1;1;1;1;1;controversy arose assignment
1;1;1;1;1;1;dispute concerning interpretation
1;1;1;1;1;1;Dioxide released atmosphere
1;1;1;1;1;1;abuse resulted swelling
1;1;1;1;1;1;fire originated area
1;1;1;1;1;1;harm caused quake
1;1;1;1;1;1;fungi cause disease
1;1;1;1;1;1;clashes resulted deaths
1;1;1;1;1;1;clashes including deaths
1;1;1;1;1;1;evidence came study
1;0;1;0;1;0;log- jam pending cases
1;1;1;1;1;1;bloodshed caused growth
1;1;1;1;1;1;anxiety caused accident
1;1;1;1;1;0;company eluded obligations
1;1;1;1;1;1;energy going source
1;1;1;1;0;0;acne caused cosmetics
1;1;1;1;1;1;light radiating face
1;1;1;1;1;1;noise caused resistors
1;0;1;1;1;0;noise biasing resistors
1;1;1;1;1;1;damage caused reconstruction
1;1;1;1;1;1;dust produces irritation
1;1;1;1;1;1;crisis originated sector
1;1;1;1;1;1;hormone produced gland
1;1;1;1;1;1;weight caused collapse
1;1;1;1;1;1;explosion triggered blast
1;1;1;1;1;1;sadness leads fear
1;1;1;1;1;1;flu include chills
1;1;1;1;1;1;blaze triggered fault
1;1;1;1;1;1;debris caused fire
1;1;1;1;1;1;flu cause stress
1;1;1;1;1;1;flu increases stress
1;1;1;1;1;1;accident resulted death
1;1;1;1;1;1;technique consists laser
1;0;1;1;1;1;technique heating laser
1;1;1;1;1;1;report supplying motives
1;1;1;1;1;1;Acne caused oily skin
1;1;1;1;0;1;dirt cause acne
1;1;1;1;1;1;rainbows caused refraction
1;1;1;1;1;1;storm caused cancellation
1;1;1;1;1;1;harm caused flood
1;1;1;1;1;1;work explored themes
1;0;1;1;1;0;batteries provide power
1;1;1;1;1;1;proclamation declares flu
1;1;1;1;1;1;Rumors leaked public
1;1;1;1;1;1;complications resulted deaths
1;1;1;1;1;1;pilots flown trouble
1;1;1;1;1;1;steam produced combustion
1;1;1;1;1;1;Lesions affecting hemiparesis
1;1;1;1;1;1;Lesions sparing hemiparesis
1;1;1;1;1;1;Lesions caused hemiparesis
1;0;1;1;1;0;transformer driven shield
1;1;1;1;1;0;article explores impulsivity
1;0;1;1;0;1;projects landing markets
1;1;1;1;1;1;congestion caused delays
1;0;1;1;0;1;term derived metaphor
1;1;1;1;0;0;bastard face velocity
1;1;1;1;1;0;plasma generated discharge
1;1;1;1;1;1;dust collected caisson
1;0;1;1;1;0;cocaine constricted pressure
1;1;1;1;1;1;cocaine increased pressure
1;1;1;1;1;0;spike caused glitch
1;1;1;1;1;1;outbreak caused vaccine
1;1;1;1;1;1;ads inform dangers
1;1;1;1;1;1;impact caused slit
1;1;1;1;0;0;effort gone development
1;1;1;1;1;1;bomb killed bin
1;1;1;1;1;1;drop caused recession
1;1;1;1;1;1;pandemic caused virus
1;1;1;1;1;1;processes ) acids
1;1;1;1;1;1;term originates expression
1;0;1;1;1;0;gases emanated sources
1;1;1;1;1;1;Acne caused irritants
1;1;1;1;1;1;Sadness leads dissatisfaction
1;1;1;1;1;1;sounds made species
1;1;1;1;1;1;system generating power
1;1;1;1;1;1;excerpt revolved theme
1;1;1;1;1;1;crash caused meteor
1;1;1;1;1;1;day thrown chaos
1;1;1;1;1;1;Swine flu leading disease
1;1;1;1;1;1;Lasers using wavelengths
1;1;1;1;1;1;devastation caused flooding
1;1;1;1;1;1;ticks caused discomfort
1;1;1;1;1;1;letter contained dispute
1;1;1;1;1;1;raid resulted crisis
1;1;1;1;1;1;scheme establishing access
1;1;1;1;1;1;tension caused fighting
1;1;1;1;1;1;stress caused battles
1;1;1;1;1;1;devastation caused fire
1;1;1;1;1;1;storm generated cold front
1;1;1;1;1;1;guide outlines issues
1;0;1;1;0;0;Scientists given warning
1;1;1;1;1;1;destruction caused war
1;1;1;1;1;1;accident caused snarl
1;1;1;1;1;1;injury caused person
1;0;1;1;1;0;words flowed curate
1;1;1;1;1;0;Pressure walking friction
1;0;1;1;0;0;world created process
1;1;1;1;1;1;floods caused rains
1;1;1;1;1;1;beam generated emission
1;1;1;1;1;1;devastation caused waste
1;1;1;1;1;1;devastation includes waste
1;1;1;1;1;1;Information gained test
1;1;1;1;1;0;producer required machinery
1;1;1;1;1;1;damage caused industry
1;1;1;1;1;1;phrase originates argument
1;1;1;1;1;1;disorders caused drinking
1;1;1;1;0;1;conference started debate
1;1;1;1;1;1;rain come downtown
1;1;1;1;1;1;statement revealed departure
1;1;1;1;1;1;hall fell disuse
1;1;1;1;1;1;devastation caused tsunami
1;1;1;1;1;1;power supply derived power-pack
1;1;1;1;1;1;coalition established activities
1;1;1;1;1;1;crisis caused blockade
1;1;1;1;1;1;blast caused mishandling
1;1;1;1;1;1;shortages mounting riots
1;1;1;1;1;1;ion derived acid
1;1;1;1;1;1;noise triggered quake
1;1;1;1;1;1;Products fallen disuse
1;0;1;1;1;1;lectures summarised thoughts
1;1;1;1;1;1;generator creates principle
1;1;1;1;1;1;generator using principle
1;1;1;1;1;1;delays caused governments
1;1;1;1;1;1;illness caused bacteria
1;1;1;1;1;1;article narrates experiences
1;1;1;1;1;1;system composed glands
1;1;1;1;1;1;tsunami resulted displacement
1;0;1;1;1;0;shot caused wound
1;1;1;1;1;1;company landed trouble
1;1;1;1;1;1;Acne caused hormonal imbalance
1;1;1;1;1;1;discussion made concept
1;0;1;1;0;1;teaching experience involves anecdotes
1;0;1;1;1;1;teaching experience telling anecdotes
1;1;1;1;1;1;disorders caused mutation
1;1;1;1;1;1;Power generated reaction
1;1;1;1;1;1;storm generated upwelling
1;1;1;1;1;1;article pointed problems
1;1;1;1;0;0;title derived quip
1;1;1;1;1;1;disaster caused hurricane
1;1;1;1;1;1;bomb dropped region
1;1;1;1;1;1;methods described publication
1;1;1;1;1;1;energy caused posters
1;1;1;1;1;1;efforts invested objective
1;1;1;1;1;1;explosion caused crater
1;1;1;1;1;1;damage caused aircraft
1;0;1;1;1;1;sound came structure
1;0;1;1;1;1;accident cause power outage
1;1;1;1;1;1;crisis spreading economy
1;1;1;1;1;1;damage caused virus
1;1;1;1;1;1;criticism commented weaknesses
1;0;1;0;1;0;life related movie
1;1;1;1;1;1;cow touched nuzzle
1;0;1;1;1;0;tools sped process
1;1;1;1;1;1;damage caused earthquakes
1;1;1;1;1;1;abscess caused infection
1;0;1;1;1;0;act promotes limitation
1;0;1;1;1;1;basin sunk depression
1;1;1;1;1;1;electrical short caused fire
1;1;1;1;1;1;events caused dissolution
1;1;1;1;1;1;contamination caused residues
1;1;1;1;1;1;Asthma causes narrowing
1;1;1;1;1;1;Asthma swelling narrowing
1;1;1;1;1;1;request arrived firm
1;0;1;1;1;0;air pressed lungs
1;1;1;1;1;1;incident caused entry
1;0;1;1;0;0;name originated times
1;1;1;1;1;1;imbalance caused torque
1;1;1;1;1;1;fear triggered death
1;1;1;1;1;1;singer demonstrates song
1;1;1;1;1;0;design evolved work
1;1;1;1;1;1;devastation caused earthquake
1;1;1;1;1;1;rash caused fungal imbalance
1;1;1;1;1;1;boys dragged fighting
1;1;1;1;1;1;show offers discussion
1;1;1;1;1;1;Tsunamis caused displacement
1;1;1;1;1;1;irritants cause coughing
1;1;1;1;1;1;speech known problems
1;1;1;1;1;1;decline caused collapse
1;1;1;1;1;1;resource documenting results
1;0;1;0;0;1;system contains antennas
1;1;1;1;1;1;announcement caused stir
1;1;1;1;1;0;guard scowling look
1;1;1;1;1;1;deformation caused filling
1;1;1;1;1;1;breakdown caused war
1;1;1;1;1;1;remark came person
1;1;1;1;1;1;ulcers caused infectious agent
1;1;1;1;1;1;inconvenience caused fence
1;0;1;0;0;0;sweetcorn produced cobs
1;1;1;1;1;1;clot caused seizure
1;1;1;1;0;1;population fell peak
1;1;1;1;1;1;data derived study
1;1;1;1;1;1;struggle caused disturbance
1;1;1;1;1;1;trio lit blaze
1;1;1;1;1;1;incidents resulted injuries
1;1;1;1;1;1;wind caused fire
1;1;1;1;1;1;wind catch fire
1;1;1;1;1;1;complication arose irradiation
1;1;1;1;0;0;word derived term
1;1;1;1;1;1;bombing resulted deaths
1;1;1;1;1;1;error caused tags
1;1;1;1;1;1;winds caused moisture
1;1;1;1;1;1;drag caused atmosphere
1;1;1;1;1;1;flooding caused clogging
1;1;1;1;1;1;compilation governed considerations
1;1;1;1;1;1;incidents resulted poisonings
1;0;1;0;1;0;money handed custody
1;1;1;1;1;0;issues addressed myth
1;1;1;1;1;1;sadness leads murder
1;1;1;1;1;1;light emanated table-lamp
1;0;1;1;0;0;remnants left storm
0;1;0;0;0;0;audits were waste
0;1;0;0;0;0;influenza is virus
0;1;0;0;0;0;song composed musician
0;1;0;0;0;0;effect is way
0;1;0;0;0;0;viruses have infections
0;1;0;0;0;0;blisters are herpes simplex virus
0;1;0;0;0;0;Roundworms are parasite
0;1;0;0;0;0;subject is implication
0;1;1;1;0;1;treaty establishes rule
0;1;1;1;0;0;News programs commented violence
0;1;0;0;0;0;vibrations had movement
0;1;0;0;0;0;committee is organisation
0;1;0;1;0;1;family supporting features
0;1;1;1;0;0;method clearing combination
0;1;0;0;0;0;method is combination
0;1;0;0;0;0;comments are readers
0;1;1;1;0;1;comments provided readers
0;1;0;0;0;0;regulations have force
0;1;0;1;0;0;father killed bar
0;1;0;0;0;0;student spent application
0;1;0;0;0;0;fatigue is pain
0;1;0;0;0;0;films have mental illness
0;1;0;0;0;0;defendant released custody
0;1;0;0;0;0;plant are vehicles
0;1;0;1;0;0;plant used vehicles
0;1;0;0;0;0;man was car
0;1;0;0;0;0;diseases are gene mutations
0;1;0;0;0;0;air was smell
0;1;0;0;0;0;receiver was tone
0;1;1;1;0;0;squad armed militants
0;1;1;1;0;1;organizations manage resources
0;1;0;0;0;0;attractions are billboards
0;1;1;1;0;0;texts relate anecdotes
0;1;0;0;0;0;implications were publication
0;1;0;0;0;0;document is drugs
0;1;0;0;0;0;model is example
0;1;1;1;0;1;Analysts assess frequency
0;1;1;1;0;0;Analysts using frequency
0;1;1;1;0;1;posts offending writer
0;1;1;1;0;1;person created content
0;1;1;1;0;0;roundtables organised keywords
0;1;0;0;0;0;theory has science fiction
0;1;0;0;0;0;theory been science fiction
0;1;0;0;0;0;song been contest
0;1;0;1;0;0;song entered contest
0;1;1;1;1;0;sound made viper
0;1;0;0;0;0;money was jar
0;1;0;0;0;0;crash was attack
0;1;1;1;1;0;work started end
0;1;0;0;0;0;Conditions have report
0;1;0;0;0;0;Conditions been report
0;1;1;1;1;1;investigations provided evidence
0;1;1;1;0;1;technique used combination
0;1;0;0;0;0;conflict has wastewater
0;1;0;0;0;0;conflict been wastewater
0;1;0;0;0;0;downturn has people
0;1;0;0;0;0;citizen has battles
0;1;0;1;0;0;citizen landed battles
0;1;0;0;0;0;topics were song
0;1;1;1;0;1;story alleging existence
0;1;0;0;0;0;brain was jar
0;1;1;1;0;1;hair loss caused stress
0;1;0;0;0;0;activation was source
0;1;0;0;0;0;labor had building
0;1;1;0;0;1;labor put building
0;1;0;0;0;0;colors are dispersion
0;1;1;1;1;1;discussion focusing violence
0;1;0;0;0;0;articles were promotion
0;1;0;0;0;0;liberties have laws
0;1;0;0;0;0;liberties been laws
0;1;1;1;0;1;liberties set laws
0;1;0;0;0;0;coffin is funeral
0;1;0;0;0;0;toy was trash
0;1;0;0;0;0;transport is mechanism
0;1;0;0;0;0;question was announcement
0;1;0;0;0;0;pain has strains
0;1;0;0;0;0;pain been strains
0;1;0;0;0;0;storm is town
0;1;0;0;0;0;Neuralgia is headache
0;1;0;0;0;0;Bibliometrics is research evaluation
0;1;0;0;0;0;Air is mouthpiece
0;1;0;0;0;0;crisis was boss
0;1;0;0;0;0;misinterpretation has word
0;1;0;0;0;0;misinterpretation been word
0;1;0;0;0;0;team has team
0;1;0;0;0;0;book has writer
0;1;0;0;0;0;fear were stab
0;1;0;0;0;0;reforms had changes
0;1;0;0;0;0;reforms do changes
0;1;0;0;0;0;brotherhood forgotten kings
0;1;0;0;0;0;offers been catalog
0;1;1;1;0;0;offers placed catalog
0;1;0;0;0;0;hyperlink was field
0;1;1;1;1;1;aid flowing areas
0;1;0;0;0;0;nuclear energy is pollution
0;1;0;0;0;0;anger was abuse
0;1;0;0;0;0;Tides are gravitational pull
0;1;0;0;0;0;Changes have sub-committee
0;1;0;0;0;0;Changes been sub-committee
0;1;1;1;0;1;Changes discussed sub-committee
0;1;0;0;0;0;Animations are version
0;1;1;1;1;0;dust set alarm
0;1;0;0;0;0;types been sections
0;1;0;0;0;0;Stroke is death
0;1;0;0;0;0;pain was torment
0;1;0;0;0;0;community was positions
0;1;1;1;1;1;signal departs sine
0;1;0;0;0;0;artist was can
0;1;0;0;0;0;areas have composition
0;1;0;0;0;0;areas do composition
0;1;0;0;0;0;investigation had allegations
0;1;0;0;0;0;investigation do allegations
0;1;0;0;0;0;Noise regulations have force
0;1;1;1;0;1;oil polluting runoff
0;1;0;1;0;0;oil comes runoff
0;1;0;0;0;0;Cancer is illness
0;1;1;1;0;0;company established fireman
0;1;1;0;0;0;skills developed surgery
0;1;1;1;0;0;page used terms
0;1;1;1;0;0;list prepared records
0;1;1;1;0;1;girl journeyed danger
0;1;0;0;0;0;pollution was shipwreck
0;1;1;1;1;1;pollution caused shipwreck
0;1;1;1;0;1;regulation governing access
0;1;0;0;0;0;prostate is glands
0;1;0;0;0;0;topics were categories
0;1;1;1;1;1;topics placed categories
0;1;1;1;0;0;display showing status
0;1;1;1;0;1;chapter relates attempts
0;1;1;1;0;1;shops produced clocks
0;1;0;0;0;0;growth was area
0;1;1;1;1;1;agreements resulted diversion
0;1;1;1;0;0;atmospheric chemistry include acid rain
0;1;0;0;0;0;studies are inquiry
0;1;0;0;0;0;money was chest
0;1;0;0;0;0;Recessions are excess demand
0;1;0;0;0;0;recession has collapse
0;1;0;0;0;0;recession been collapse
0;1;1;1;0;0;researcher approached categories
0;1;1;1;1;1;researcher predetermined categories
0;1;0;0;0;0;problems have policy
0;1;0;0;0;0;bacteria is pneumonia
0;1;0;0;0;0;plague biting insects
0;1;0;0;0;0;bleeding was injury
0;1;1;1;0;1;caterpillars caused disease
0;1;0;0;0;0;proposals were speech
0;1;1;1;0;0;binder goes trials
0;1;0;0;0;0;activities is development
0;1;0;1;0;1;server identifies identifier
0;1;0;1;0;0;server using identifier
0;1;0;0;0;0;profiles are teachers
0;1;1;1;0;1;profiles used teachers
0;1;0;0;0;0;corruption was utilities
0;1;1;1;0;1;Twisters fill creations
0;1;0;0;0;0;paper is thesis
0;1;1;1;0;1;paper constructed thesis
0;1;0;0;0;0;chapter is impact
0;1;0;0;0;0;damage was collision
0;1;1;1;0;0;statutes declare policy
0;1;0;0;0;0;clauses were framers
0;1;1;1;0;0;clauses invented framers
0;1;1;1;0;0;project regulate standard
0;1;0;0;0;0;body was drum
0;1;0;1;0;1;body found drum
0;1;0;0;0;0;mechanism is magnet
0;1;1;1;0;0;mechanism seated magnet
0;1;1;1;1;1;riots triggered verdict
0;1;0;0;0;0;results have films
0;1;0;0;0;0;results been films
0;1;1;1;0;0;results documented films
0;1;0;0;0;0;neologisms have literature
0;1;0;0;0;0;program was author
0;1;1;1;0;1;program developed author
0;1;0;0;0;0;problems were study
0;1;1;1;1;1;discussion presented appendix
0;1;0;0;0;0;amount was cylinder
0;1;1;1;0;1;amount placed cylinder
0;1;0;1;0;0;people pushed hunger
0;1;0;0;0;0;tail is solar wind
0;1;0;1;0;1;tail caused solar wind
0;1;0;0;0;0;Infectious diseases are parasites
0;1;1;1;0;0;journalists become discussion
0;1;1;1;1;1;definition made standards
0;1;1;1;0;0;definition existing standards
0;1;0;0;0;0;crisis has cost
0;1;0;0;0;0;crisis been cost
0;1;0;0;0;0;injuries are fireworks
0;1;0;0;0;0;relationship is chaos
0;1;0;0;0;0;illness was chickenpox
0;1;1;1;0;1;illness triggered chickenpox
0;1;1;1;1;1;think tank considering issues
0;1;0;0;0;0;Considerations have cases
0;1;0;0;0;0;Considerations been cases
0;1;0;1;0;1;scientists compiled map
0;1;0;0;0;0;disguise was bin
0;1;0;0;0;0;organisms are areas
0;1;0;0;0;0;dollars been economy
0;1;1;1;0;0;dollars put economy
0;1;0;0;0;0;controversy has intelligence
0;1;1;1;0;1;controversy centered intelligence
0;1;0;0;0;0;dizziness were injury
0;1;1;1;0;1;members drafted ordinance
0;1;0;0;0;0;Fainting is unconsciousness
0;1;0;0;0;0;way has debate
0;1;0;0;0;0;way been debate
0;1;1;1;0;0;Methadone gives buzz
0;1;0;0;0;0;laboratory is organisation
0;1;0;0;0;0;request has moderator
0;1;0;0;0;0;request been moderator
0;1;0;0;0;0;process had stricture
0;1;0;0;0;0;Dehydration is death
0;1;0;0;0;0;Tonsillitis is micro-organisms
0;1;0;0;0;0;Hiccups are spasm
0;1;0;0;0;0;committee is people
0;1;1;1;1;1;publication analyzes developments
0;1;1;1;1;1;publication interprets developments
0;1;0;1;0;0;sessions selected abstracts
0;1;0;0;0;0;reproductive toxicity was nitrite
0;1;1;1;0;1;reproductive toxicity caused nitrite
0;1;0;0;0;0;Dioxide has atmosphere
0;1;1;1;0;1;comment made developer
0;1;0;0;0;0;Diabetes is disorders
0;1;1;1;0;1;talk tackles challenges
0;1;0;0;0;0;bloodshed was growth
0;1;1;1;0;1;water evaporated evaporators
0;1;0;0;0;0;company has obligations
0;1;0;0;0;0;energy is source
0;1;1;1;0;1;publications commenting similarities
0;1;0;1;0;0;books dealing identification
0;1;0;0;0;0;crimes are show
0;1;1;1;1;0;crimes investigated show
0;1;1;1;1;1;cook stirs coals
0;1;0;0;0;0;light was face
0;1;0;0;0;0;document is interrogation
0;1;0;0;0;0;noise was resistors
0;1;0;0;0;0;light was turrets
0;1;1;1;0;0;script defined index
0;1;1;1;0;0;radio informed development
0;1;0;0;0;0;hormone is gland
0;1;1;1;0;0;researcher started programme
0;1;0;0;0;0;statement was topics
0;1;0;0;0;0;committee has recommendations
0;1;1;1;0;1;committee made recommendations
0;1;1;1;0;1;monsoons caused change
0;1;0;0;0;1;rules regulate behavior
0;1;0;0;0;0;explosion was blast
0;1;0;0;0;0;damage has hallucinogens
0;1;0;0;0;0;damage been hallucinogens
0;1;1;1;0;1;damage caused hallucinogens
0;1;1;1;0;1;company entered research
0;1;1;0;0;1;page carries conventions
0;1;0;0;0;0;blaze was fault
0;1;0;0;0;0;merger is opposition
0;1;1;1;0;1;merger running opposition
0;1;0;0;0;0;details were interview
0;1;1;1;1;0;details revealed interview
0;1;0;0;0;0;tree was woods
0;1;1;1;0;1;tree growing woods
0;1;1;1;0;1;report assesses degree
0;1;0;0;0;0;Acne is oily skin
0;1;1;1;1;0;meeting decided vote
0;1;0;0;0;0;sheets are aspects
0;1;1;1;1;1;sheets concerned aspects
0;1;1;1;1;1;rules establish criteria
0;1;0;0;0;0;rainbows are refraction
0;1;1;1;1;1;chart produced study
0;1;0;0;0;0;work has themes
0;1;0;0;0;0;Rumors have public
0;1;0;0;0;0;Rumors been public
0;1;0;0;0;0;pilots have trouble
0;1;0;0;0;0;timers were event
0;1;0;1;0;0;timers started event
0;1;1;1;1;1;declaration tackle climate change
0;1;1;1;0;1;fluid spread body
0;1;0;0;0;0;projects are markets
0;1;1;1;0;0;bastard peels velocity
0;1;0;0;0;0;plasma was discharge
0;1;1;1;0;1;methods preceding paper
0;1;0;0;0;0;jump was deterioration
0;1;0;0;0;0;areas have spaces
0;1;0;0;0;0;areas been spaces
0;1;1;1;0;1;Stimulation produced latency
0;1;0;0;0;0;outbreak was vaccine
0;1;1;1;0;1;tests using substance
0;1;1;1;1;1;report fulfills requirements
0;1;0;0;0;0;effort has development
0;1;1;1;1;1;series examined crimes
0;1;0;0;0;0;officers have leave
0;1;0;0;0;0;officers been leave
0;1;0;0;0;0;officers placed leave
0;1;0;0;0;0;bomb was bin
0;1;0;0;0;0;head was jar
0;1;0;0;0;0;drop was recession
0;1;0;0;0;0;pandemic was virus
0;1;1;1;0;1;forces defeated troops
0;1;1;1;0;1;existence revealed speech
0;1;0;0;0;0;Acne is irritants
0;1;0;0;0;0;verbalizations were questions
0;1;1;1;0;1;verbalizations focused questions
0;1;0;0;0;0;talks have overtime
0;1;0;0;0;0;talks been overtime
0;1;1;1;0;0;talks moving overtime
0;1;0;0;0;0;certificate was product
0;1;1;1;0;0;certificate awarded product
0;1;0;0;0;0;system was power
0;1;0;0;0;0;papillomavirus is warts
0;1;0;0;0;0;crash has meteor
0;1;0;0;0;0;crash been meteor
0;1;0;0;0;0;day is chaos
0;1;1;1;0;0;researchers produced report
0;1;0;0;0;0;patient has coma
0;1;0;0;0;0;patient been coma
0;1;0;1;0;1;patient placed coma
0;1;1;1;0;1;patient induced coma
0;1;0;0;0;0;Swine flu is disease
0;1;1;1;1;1;speech caused combustion
0;1;1;1;1;1;documents discussed meeting
0;1;0;0;0;0;book has debate
0;1;0;0;0;0;book been debate
0;1;1;1;0;1;paragraphs introduce ideas
0;1;1;1;0;0;photograph forgotten memory
0;1;1;1;0;1;projects investigating aspects
0;1;1;1;0;0;court achieved rule
0;1;1;1;0;1;court using rule
0;1;0;0;0;0;storm was cold front
0;1;1;1;1;0;firm reeased report
0;1;0;0;0;0;Joint problems are osteoarthitis
0;1;1;1;1;1;Joint problems caused osteoarthitis
0;1;0;0;0;0;Scientists have warning
0;1;1;1;0;1;project assess state
0;1;0;0;0;0;injury has person
0;1;0;0;0;0;injury been person
0;1;1;1;1;1;song crumbling group
0;1;0;0;0;0;interferon is fever
0;1;0;0;0;0;science fiction deal roles
0;1;0;0;0;0;world was process
0;1;1;1;1;0;motet grows idea
0;1;0;0;0;0;beam is emission
0;1;0;0;0;0;song is character
0;1;0;1;0;1;song featured character
0;1;1;1;0;1;song performed character
0;1;1;1;0;0;income went administration
0;1;0;0;0;0;teacher is team
0;1;0;0;0;0;devastation has waste
0;1;0;0;0;0;devastation been waste
0;1;0;0;0;0;president is bankruptcy
0;1;1;1;1;0;president running bankruptcy
0;1;0;0;0;0;Information was test
0;1;0;0;0;0;pact has effect
0;1;1;1;1;1;pact come effect
0;1;0;0;0;0;profit was cancer research center
0;1;1;1;0;0;holder appears spiral
0;1;0;0;0;0;disorders are drinking
0;1;0;0;0;0;valves is heart
0;1;1;1;0;0;valves make heart
0;1;1;1;0;1;valves flows heart
0;1;0;0;0;0;measure was discussion
0;1;0;0;0;0;rain has downtown
0;1;0;1;0;1;cushion stuffed feathers
0;1;1;1;0;0;closure caused backup
0;1;0;0;0;0;play is ambition
0;1;0;0;0;0;power supply was power-pack
0;1;0;0;0;0;coalition has activities
0;1;1;1;1;1;speech set belief
0;1;0;0;0;0;blast was mishandling
0;1;0;0;0;0;ion is acid
0;1;0;0;0;0;noise was quake
0;1;0;0;0;0;Products have disuse
0;1;0;0;0;0;delays are governments
0;1;1;1;0;0;company migrating segments
0;1;0;0;0;0;system is glands
0;1;1;1;0;0;tsunami missing displacement
0;1;1;1;0;0;responsibilities handed care
0;1;1;1;0;0;item shipped customer
0;1;1;1;1;1;user using gestures
0;1;0;0;0;0;conditions are areas
0;1;1;1;0;1;conditions spreading areas
0;1;0;0;0;0;Depression is suicide
0;1;1;1;0;1;speech addressing practices
0;1;1;1;0;0;figure illustrates results
0;1;0;0;0;0;wall was experience
0;1;0;0;0;0;appellant had malice
0;1;1;1;0;1;appellant killed malice
0;1;0;0;0;0;theme has science fiction
0;1;0;0;0;0;theme been science fiction
0;1;1;1;0;0;film asserts tenacity
0;1;0;0;0;0;company has trouble
0;1;0;1;0;1;scientists treated antiboitics
0;1;0;0;0;0;Acne is hormonal imbalance
0;1;0;0;0;0;probe was fragment
0;1;1;0;0;0;restaurant fallen list
0;1;0;0;0;0;items have customer
0;1;0;0;0;0;items been customer
0;1;1;1;0;0;items shipped customer
0;1;0;0;0;0;films are viewers
0;1;0;0;0;0;films being viewers
0;1;1;1;0;0;films delivered viewers
0;1;0;0;0;0;freighter was dope
0;1;0;0;0;0;impact is work
0;1;1;1;0;0;impact investigated work
0;1;0;0;0;0;disorders are mutation
0;1;1;0;0;0;book involves process
0;1;0;0;0;0;Power is reaction
0;1;0;0;0;0;money was pocket
0;1;1;0;1;0;money coming pocket
0;1;0;0;0;0;storm is upwelling
0;1;0;1;0;1;Shampoos using acid
0;1;0;0;0;0;title is quip
0;1;0;0;0;0;disaster was hurricane
0;1;0;0;0;0;products are areas
0;1;1;1;0;0;products shipped areas
0;1;0;0;0;0;poison was bottle
0;1;1;1;0;0;avenger killed rifle
0;1;0;0;0;0;bomb have region
0;1;0;0;0;0;bomb been region
0;1;0;0;0;0;methods were publication
0;1;0;0;0;0;efforts have objective
0;1;0;0;0;0;efforts been objective
0;1;1;1;0;0;generations departed future survival
0;1;0;0;0;0;soap moved prime time
0;1;0;0;0;0;crisis is economy
0;1;0;0;0;0;map was safe
0;1;0;0;0;0;illusion has experiments
0;1;0;0;0;0;illusion been experiments
0;1;1;1;0;1;illusion examined experiments
0;1;0;0;0;0;life is movie
0;1;0;0;0;0;award was organization
0;1;0;0;0;0;plan is crime
0;1;0;0;0;0;belief was determinism
0;1;1;1;0;1;complex treated poison
0;1;0;0;0;0;constitution was leaders
0;1;1;1;1;1;students enforced violence
0;1;0;0;0;0;fluids are cylinder
0;1;1;1;0;1;fluids enclosed cylinder
0;1;0;0;0;0;abscess is infection
0;1;1;1;1;1;study assessed evaluations
0;1;1;1;1;1;study using evaluations
0;1;1;1;0;0;fees charged discussion
0;1;1;1;0;1;fees became discussion
0;1;0;0;0;0;acetoin was filtrate
0;1;1;1;0;0;acetoin distilled filtrate
0;1;1;1;0;0;notification declares names
0;1;1;1;0;0;researcher started question
0;1;0;1;0;1;fox tore fury
0;1;0;0;0;0;contamination was residues
0;1;0;0;0;0;Asthma is narrowing
0;1;0;0;0;0;incident was entry
0;1;1;0;0;0;bombs thrown cars
0;1;0;1;0;1;robbers ran scene
0;1;0;0;0;0;fear was death
0;1;1;1;0;0;view rooted perspective
0;1;0;0;0;0;vehicles were city
0;1;1;1;0;1;vehicles brought city
0;1;0;0;0;0;discussion has words
0;1;0;0;0;0;discussion been words
0;1;0;0;0;0;design was work
0;1;1;1;1;1;neuron unleashes jolt
0;1;1;1;1;1;rule governs use
0;1;0;0;0;0;boys were fighting
0;1;0;0;0;0;Tsunamis are displacement
0;1;0;0;0;0;speech was problems
0;1;0;1;0;1;blisters caused antibodies
0;1;0;0;0;0;decline has collapse
0;1;0;0;0;0;decline been collapse
0;1;0;1;0;0;craftsperson creates representation
0;1;0;0;0;0;ulcers are infectious agent
0;1;0;0;0;0;speech was conversation
0;1;0;1;0;1;mainspring winding watch
0;1;0;0;0;0;data is study
0;1;0;0;0;0;incidents have injuries
0;1;0;0;0;0;name was article
0;1;0;1;0;0;women developed style
0;1;1;1;0;1;candidate approved program
0;1;0;0;0;0;error was tags
0;1;0;0;0;0;winds are moisture
0;1;0;0;0;0;Endometriosis is infertility
0;1;0;0;0;0;flooding has clogging
0;1;0;0;0;0;flooding been clogging
0;1;1;1;0;1;beginning explored documents
0;1;1;1;0;0;firefighters described horror
0;1;0;0;0;0;compilation was considerations
0;1;1;0;0;1;book made study
0;1;1;1;1;1;method discovered scholar
0;1;0;0;0;0;egg is female
0;1;0;0;0;0;Demerol is drugs
0;1;0;0;0;0;money was custody
0;1;0;0;0;0;issues have myth
0;1;0;0;0;0;issues been myth
0;0;1;0;0;0;survivors moved houses
0;0;1;0;0;0;young left nest
0;0;1;0;0;0;bottle put container
0;0;1;1;0;1;method use combination
0;0;1;1;0;1;article explore use
0;0;1;0;0;0;slide triggered crew
0;0;1;1;0;0;company addressed publication
0;0;1;1;0;1;volume analyzes concepts
0;0;1;0;0;0;tube introduced container
0;0;1;1;0;0;offenders absconded officers
0;0;1;1;0;0;attractions advertised billboards
0;0;1;1;0;0;motor built canister
0;0;1;1;0;0;name derived address
0;0;1;0;0;0;Molten core dropped river
0;0;1;0;0;0;mushroom found mass
0;0;1;1;0;1;thesis asserted book
0;0;1;0;0;0;clustering resulted clusters
0;0;1;0;0;0;tableau placed room
0;0;1;1;1;0;car achieved engine
0;0;1;0;0;0;book takes phases
0;0;1;1;0;0;song criticizes hypocrisy
0;0;1;1;0;0;writer created series
0;0;1;0;0;0;finger found can
0;0;1;1;0;0;shipments arrived stock
0;0;1;1;0;1;doctor tells sphygmomanometer
0;0;1;1;0;0;doctor using sphygmomanometer
0;0;1;1;0;0;fuel delivered bunker
0;0;1;0;0;0;anecdotes gathered workers
0;0;1;0;0;0;brains removed dish
0;0;1;1;0;0;committee assists commission
0;0;1;0;1;0;blazes denote trail
0;0;1;1;0;1;damage caused bullet
0;0;1;0;0;0;feet sunk floor
0;0;1;0;1;0;student came solution
0;0;1;1;0;0;first part gives techniques
0;0;1;0;0;0;chunks fell airplane
0;0;1;0;0;0;text handles material
0;0;1;1;0;0;associations turning receiverships
0;0;1;1;0;0;team assembled team
0;0;1;0;1;1;industries emerging economies
0;0;1;1;0;0;paper narrated discovery
0;0;1;0;0;0;search started scales
0;0;1;1;0;0;basis consisting population
0;0;1;0;0;0;aunt fell health
0;0;1;0;0;0;hand formed gestures
0;0;1;1;0;0;system built modules
0;0;1;1;0;0;lychee stirs note
0;0;1;1;0;0;lychee resonating note
0;0;1;0;0;0;answer popped riddle
0;0;1;1;0;0;criminal got jail
0;0;1;0;0;0;terrorists broke jail
0;0;1;1;0;0;streaks see particles
0;0;1;1;0;0;streaks caused particles
0;0;1;1;0;0;types introduced sections
0;0;1;0;0;0;cells migrated tissues
0;0;1;0;0;0;newsletter keep happenings
0;0;1;1;0;0;newsletter informed happenings
0;0;1;1;0;0;assembly attaches cover
0;0;1;0;0;0;artist put can
0;0;1;0;0;0;memo gives lineup
0;0;1;1;1;0;children participated competition
0;0;1;1;0;1;immigrant arrives port
0;0;1;1;1;0;page explains terms
0;0;1;0;0;0;drug leaves brain
0;0;1;0;0;0;phone moved prototype stage
0;0;1;0;1;0;gas centrifuge born camp
0;0;1;1;1;0;film departed fare
0;0;1;1;0;0;Lymphoeytes drained lymphatics
0;0;1;0;0;0;files linked bust
0;0;1;1;0;0;body comprised phrase
0;0;1;1;0;1;paper presents review
0;0;1;0;0;0;journal takes history
0;0;1;1;0;0;character devised producers
0;0;1;0;0;0;cache stolen goods
0;0;1;0;0;0;hardwire put brain
0;0;1;1;0;0;index generated package
0;0;1;0;0;0;index using package
0;0;1;0;0;0;hinge repaired book
0;0;1;0;0;0;studies migrating inquiry
0;0;1;0;0;0;contractors using entrance
0;0;1;0;0;0;boom mounting fitting
0;0;1;1;0;0;tongue stuck canteen
0;0;1;1;1;1;hole caused missile
0;0;1;1;1;0;proposals outlined speech
0;0;1;1;0;0;films reap filmmakers
0;0;1;1;0;0;perturbations caused moon
0;0;1;0;0;0;staff using tools
0;0;1;0;0;0;maid fell balcony
0;0;1;0;0;0;books charted transformation
0;0;1;0;0;0;theory sprout journalists
0;0;1;1;0;0;launcher receives system
0;0;1;0;0;0;water put well
0;0;1;1;0;0;film reveals economy
0;0;1;1;0;0;word descended root
0;0;1;1;0;0;box contained system
0;0;1;0;0;0;box sending system
0;0;1;1;0;0;needs approaching society
0;0;1;1;0;0;name derived series
0;0;1;0;0;0;disposes designated area
0;0;1;0;0;0;kingdom comprises areas
0;0;1;1;0;0;coterie contributing editors
0;0;1;0;0;0;neologisms come literature
0;0;1;1;0;0;program based author
0;0;1;0;0;1;story created students
0;0;1;0;0;0;bark composed phloem
0;0;1;1;0;0;setup put chimney
0;0;1;1;0;0;talks regarding contract
0;0;1;1;0;0;founder growing agency
0;0;1;1;0;0;items arrived store
0;0;1;0;0;0;busloads ran contention
0;0;1;1;0;0;acidity caused carbon dioxide
0;0;1;0;0;0;author identifies devil
0;0;1;1;0;0;troops arrived areas
0;0;1;0;0;0;city constructed station
0;0;1;1;0;0;Proposals simplify conference
0;0;1;1;1;0;Proposals outlined conference
0;0;1;0;0;0;posts imported installation
0;0;1;0;0;0;report provides societal impacts
0;0;1;0;0;0;painting depicting being
0;0;1;1;0;0;mosaicism observed mutation
0;0;1;1;0;0;mosaicism derived mutation
0;0;1;0;0;0;ship departed harbour
0;0;1;1;0;1;organisms spreading areas
0;0;1;0;0;0;organization founded student
0;0;1;1;0;0;Seminars organised area
0;0;1;1;0;0;substance exported cytoplasm
0;0;1;1;0;1;way peel debate
0;0;1;1;0;0;convention declare ownership
0;0;1;1;0;0;request sent moderator
0;0;1;0;0;0;hypothesis asserting domination
0;0;1;1;0;1;volume synthesizes understanding
0;0;1;0;0;0;officials involved dossier
0;0;1;0;0;0;volume presents inscriptions
0;0;1;1;0;0;note explain rating
0;0;1;1;0;0;ossicone grows cartilage
0;0;1;1;1;1;committee composed people
0;0;1;0;0;0;surface divided plates
0;0;1;0;0;0;ray theory study layer
0;0;1;1;0;0;book asserts relationship
0;0;1;1;0;0;technician uses in-circuit emulator
0;0;1;1;0;1;dataset extracted documents
0;0;1;0;0;0;tool designed handles
0;0;1;1;1;0;variations caused stratospheric winds
0;0;1;0;0;0;laugh erected hairs
0;0;1;0;0;0;tears flown river
0;0;1;1;0;0;reservoir put operation
0;0;1;1;0;0;questionnaire comprises sections
0;0;1;1;0;0;benefits described sentence
0;0;1;1;0;0;rain evaporated forest canopy
0;0;1;0;0;0;room moved corner
0;0;1;0;0;0;cerebrum made hemispheres
0;0;1;1;0;0;remote control fell water
0;0;1;1;1;1;dialogue covered economic impact
0;0;1;1;1;0;bureau established committee
0;0;1;0;0;0;convict protects claim
0;0;1;0;0;0;flakeboard produced guardrail
0;0;1;0;0;0;flakeboard decommissioned guardrail
0;0;1;1;0;0;optimization viewed engineers
0;0;1;1;0;0;aircraft departed flight
0;0;1;0;0;0;nose lined tissue
0;0;1;1;0;1;device inserted port
0;0;1;0;0;0;workshop introduced tools
0;0;1;1;0;0;policy presented prevention
0;0;1;0;0;1;people migrated areas
0;0;1;0;0;0;regulation using valve
0;0;1;0;0;0;paddle called canister
0;0;1;0;0;0;pages explain significance
0;0;1;1;0;0;team includes general counsel
0;0;1;1;0;0;plurality predetermined features
0;0;1;1;0;0;squads battered shots
0;0;1;1;0;1;pole resides receptacle
0;0;1;0;0;0;houses built government
0;0;1;1;0;1;work prepared employee
0;0;1;1;0;0;mother sank depression
0;0;1;0;0;0;history ( book
0;0;1;0;0;0;history set book
0;0;1;0;0;0;aid delivered countries
0;0;1;0;0;0;cow produced milk
0;0;1;0;0;0;vessels defaced badge
0;0;1;1;0;0;contractions caused prostaglandins
0;0;1;1;0;0;timers booted event
0;0;1;1;1;1;shifts caused gas flows
0;0;1;0;0;0;book provides role
0;0;1;1;0;1;letter discussing teaching duties
0;0;1;1;0;0;Concerns regarding data protection
0;0;1;1;0;0;program recorded notes
0;0;1;1;1;0;answer came paragraph
0;0;1;1;0;1;officer battered ram
0;0;1;1;0;0;proverb consisting parts
0;0;1;0;0;0;methods adopted paper
0;0;1;0;0;0;methods described paper
0;0;1;1;1;1;areas added spaces
0;0;1;0;0;0;Victims transported room
0;0;1;1;0;0;array developed group
0;0;1;1;0;0;body abandoned laundry bag
0;0;1;1;0;0;products governed agreement
0;0;1;1;0;0;Goods transported countries
0;0;1;1;0;0;Personality includes style
0;0;1;1;0;0;supreme court applied amendment
0;0;1;0;0;1;paper describe derivation
0;0;1;1;1;0;letter contains instructions
0;0;1;1;1;0;bait got frig
0;0;1;1;0;0;conference organised roundtables
0;0;1;1;0;0;apparatus produces vessel
0;0;1;0;0;0;sketch setting ideas
0;0;1;1;0;0;funds invested schemes
0;0;1;0;0;1;head popped clothing
0;0;1;0;0;0;article extracted book
0;0;1;1;0;0;test added exam
0;0;1;0;0;0;examination started head
0;0;1;1;0;0;archives publish studies
0;0;1;1;0;0;Scientists analysing warning
0;0;1;0;0;0;photos leaked journal
0;0;1;0;0;0;mechanism enclosed bath
0;0;1;0;0;0;stone put pot
0;0;1;1;0;0;statute declared trade
0;0;1;0;0;0;countries related history
0;0;1;0;0;0;Cancellations notified mail
0;0;1;1;0;0;method comprises step
0;0;1;1;0;0;talk related tricks
0;0;1;1;0;0;system using rig
0;0;1;1;0;0;pollution causes warming
0;0;1;0;0;0;server driven approach
0;0;1;0;0;0;offices placed building
0;0;1;0;1;0;ointment put eyelid
0;0;1;1;1;0;engineer worked machine
0;0;1;1;0;1;story tell conquest
0;0;1;0;0;0;person came brakes
0;0;1;0;0;0;Lactic acid made dextrose
0;0;1;0;0;0;display receives cable
0;0;1;0;0;0;satellite manoeuvred orbit
0;0;1;1;0;1;measure gained lectures
0;0;1;0;0;0;awards honour projects
0;0;1;1;0;0;drug put tubes
0;0;1;0;0;0;manna hidden pot
0;0;1;0;0;0;industry recycling backfill
0;0;1;0;0;0;entrance shows building
0;0;1;1;0;0;phonograph developed work
0;0;1;1;0;0;artworks reveal view
0;0;1;1;0;0;committee secured creditors
0;0;1;1;0;1;media treated mixture
0;0;1;1;0;0;explanation set appendix
0;0;1;0;0;0;internal auditors moved locations
0;0;1;1;0;0;workpackage comprise tasks
0;0;1;1;0;0;workpackage following tasks
0;0;1;0;0;0;deposits put account
0;0;1;0;0;0;letter contains copy
0;0;1;1;0;0;letter encloses copy
0;0;1;0;0;0;nunt originating cuisine
0;0;1;0;0;0;aircraft departed airport
0;0;1;0;0;0;pages found tankard
0;0;1;0;0;0;pages wadded tankard
0;0;1;1;0;1;notes give changes
0;0;1;0;0;0;method comprises steps
0;0;1;1;0;0;theory governed exchange
0;0;1;1;0;0;pump employs coupling
0;0;1;0;0;0;flights departing airspace
0;0;1;1;0;0;government established agency
0;0;1;1;0;0;design driven studio
0;0;1;1;0;0;company determine benchmarking
0;0;1;1;0;0;company using benchmarking
0;0;1;1;0;0;association assembled kits
0;0;1;0;0;0;water poured river
0;0;1;1;0;0;motions regarding discipline
0;0;1;0;0;0;money buy pocket
0;0;1;0;1;0;fish pushed sea
0;0;1;1;0;0;list generated call
0;0;1;1;0;0;film uses flashbacks
0;0;1;1;0;0;company assembled portfolio
0;0;1;1;0;0;manuscript introduced justice
0;0;1;0;0;0;ornaments blown molds
0;0;1;1;0;1;notes detailing ideas
0;0;1;0;0;0;letter arrived headquarters
0;0;1;0;0;0;hydrants tested facility
0;0;1;0;0;0;mechanism consists bridge
0;0;1;0;1;0;ship dissapeared harbour
0;0;1;1;0;0;award bestowed organization
0;0;1;1;0;0;officer reached apparatus
0;0;1;0;0;0;exhibition displayed view
0;0;1;1;0;0;constitution prepared leaders
0;0;1;1;0;0;respondents using programs
0;0;1;0;0;0;preforms blown bottles
0;0;1;1;0;0;fable illustrates progress
0;0;1;1;0;0;press continues results
0;0;1;0;0;0;press digest results
0;0;1;0;0;0;body specialized traders
0;0;1;1;0;0;engineers devised method
0;0;1;1;0;0;parameters described text
0;0;1;1;0;0;maternity wards sinking chaos
0;0;1;0;0;0;machine contains reservoir
0;0;1;0;0;0;box arrived braces
0;0;1;0;0;0;industry constitutes economy
0;0;1;1;0;0;firm co-founded head
0;0;1;0;0;0;technical terms defined glossary section
0;0;1;0;0;0;bill regulating commerce
0;0;1;0;0;0;claim issued quarters
0;0;1;0;0;0;products grown defendant
0;0;1;0;0;0;sweetcorn filled cobs
0;0;1;1;0;1;person creates couverture
0;0;1;1;0;0;images found reliquary
0;0;1;1;0;0;commissioner assisted officers
0;0;1;0;0;0;help arrived quarter
0;0;1;0;0;0;area accommodated pen
0;0;1;0;0;0;child killed nail
0;0;1;1;0;0;wainwright worked shapes
0;0;1;1;0;0;wainwright whittling shapes
0;0;1;1;0;0;wainwright lathing shapes
0;0;1;1;0;0;ring unleashes power
0;0;1;1;1;0;name leaked article
0;0;1;0;0;0;candidate graduated program
0;0;1;1;0;0;name leaked chatrooms
0;0;1;0;0;0;coolant contained bottle
0;0;1;1;1;0;vacancy created retirement
0;0;1;0;0;0;trio performs artists
0;0;1;0;0;0;cabinet encloses woofer
0;0;1;0;0;0;observations determine kinematics
0;0;1;1;0;0;substance found letter
0;0;1;1;0;0;manufacturer using parts
0;0;1;0;0;0;light broken table-lamp
0;0;0;1;0;0;thesis defines clinical characteristics
0;0;0;1;0;0;gift arrived friend
0;0;0;1;0;0;family constructed features
0;0;0;1;0;0;inspector left yard
0;0;0;1;0;0;plant builds vehicles
0;0;0;1;1;0;man carried car
0;0;0;1;0;0;blogger going conversation
0;0;0;1;0;0;body unleashes passenger
0;0;0;1;0;0;Researchers synthesized ingredients
0;0;0;1;0;0;narrative telling history
0;0;0;1;0;0;topics related song
0;0;0;1;0;0;film revolves cadaver
0;0;0;1;0;0;heart created artist
0;0;0;1;0;0;position defined canon law
0;0;0;1;0;1;player vibrating string
0;0;0;1;0;0;bacteria sleeping sickness
0;0;0;1;0;0;newsletter published happenings
0;0;0;1;0;0;methane migrated wells
0;0;0;1;0;0;guy thought story
0;0;0;1;0;0;team travelling territory
0;0;0;1;0;0;person assists employee
0;0;0;1;0;0;body appointed elders
0;0;0;1;0;0;evening centered courage
0;0;0;1;0;0;chabazite contained multiple U-tube
0;0;0;1;0;0;Responses obtained presidents
0;0;0;1;0;0;stories based historical truths
0;0;0;1;0;0;electronic engineer migrated embedded software
0;0;0;1;0;0;producer paid programs
0;0;0;1;0;0;person prepares goods
0;0;0;1;0;0;exhibition examines contacts
0;0;0;1;0;0;virus originated bird
0;0;0;1;0;0;guards left building
0;0;0;1;0;0;stories spawned prequels
0;0;0;1;0;0;class examine therapeutic benefits
0;0;0;1;0;0;letter sent group
0;0;0;1;0;0;script creates index
0;0;0;1;0;0;radio keeps development
0;0;0;1;0;0;article claiming music
0;0;0;1;0;0;catheter inserted artery
0;0;0;1;0;0;blank made carton
0;0;0;1;0;0;program creates notes
0;0;0;1;0;0;contestant gave answer
0;0;0;1;0;0;fetus derived embryo
0;0;0;1;0;0;lactoferrin transported blood
0;0;0;1;0;0;tutorial aims musical theory
0;0;0;1;0;0;tutorial summarise musical theory
0;0;0;1;0;0;files reveal plot
0;0;0;1;0;1;creator played game
0;0;0;1;0;0;seawater make ions
0;0;0;1;0;0;tapir hit hoof
0;0;0;1;0;0;Sets denoted letters
0;0;0;1;0;0;artist restrained creations
0;0;0;1;0;0;engineer designed machine
0;0;0;1;0;0;award given scholar
0;0;0;1;0;0;cooper makes barrels
0;0;0;1;0;0;family went village
0;0;0;1;0;0;probe generated fragment
0;0;0;1;0;0;probe amplified fragment
0;0;0;1;0;0;teacher using literature
0;0;0;1;0;0;kids ran place
0;0;0;1;0;0;player moved next round
0;0;0;1;0;1;word originates race
0;0;0;1;0;0;applicant accredited school
0;0;0;1;0;0;lord continues giving
0;0;0;1;0;0;lord demonstrate giving
0;0;0;1;0;0;musician treated preparation
0;0;0;1;0;0;series investigating rites
0;0;0;1;0;0;world live life
0;0;0;1;0;1;computer company running problems
0;0;0;1;0;0;dips caused y-rays
0;0;0;1;0;0;manufacturer assembles parts
0;0;0;0;1;0;couple piled waters
0;0;0;0;0;1;daughter fell coma
0;0;0;0;0;1;ligature assists performer
0;0;0;0;0;1;train going photographer