Case5;Case6;Case7;Case8;Case9;Case10;Actual;Triples
1;1;1;1;1;1;1;influenza caused virus
1;1;1;1;1;1;1;effect achieved way
1;1;1;1;1;1;1;viruses caused infections
1;1;1;1;1;1;0;blisters appear herpes simplex virus
1;1;1;1;1;1;0;blisters caused herpes simplex virus
1;1;1;1;1;1;0;circuit comprises converter
1;1;1;1;1;1;0;Roundworms caused parasite
1;1;1;1;0;1;1;subject imply implication
1;1;1;1;1;0;0;talent emanated village
1;1;1;1;1;1;0;narrative comprises interplay
1;1;1;1;1;1;1;murders result conviction
1;1;1;1;1;1;1;vibrations caused movement
1;1;1;1;1;1;0;regulations entered force
1;1;1;1;1;1;0;clubs falling ownership
1;1;1;1;1;1;0;station receives device
1;1;1;1;1;1;1;spills caused hurricane
1;1;1;1;1;1;1;diseases caused gene mutations
1;1;1;1;1;1;1;response caused ripple
1;1;1;1;1;1;0;air filled smell
1;1;1;1;1;1;1;receiver outputting tone
1;1;1;1;1;1;0;speech criticised idea
1;1;1;1;1;1;0;Asteroid threatened disaster
1;1;1;1;1;1;0;tales concerning concerns
1;1;1;1;1;1;0;documents troubling strategies
1;1;1;1;1;1;0;implications indicated publication
1;1;1;1;0;0;0;model derived example
1;1;1;1;1;1;0;analyzer identifies method
1;1;1;1;0;1;0;analyzer using method
1;1;1;1;1;1;1;Rain caused cancellation
1;0;1;1;1;0;0;containers fell dam
1;1;1;1;1;1;1;crash caused attack
1;1;1;1;1;1;0;Conditions criticised report
1;1;1;1;1;1;0;sound captures combination
1;1;1;1;1;0;0;drilling threatens chemicals
1;0;1;0;1;0;0;information came press release
1;1;1;1;1;1;1;damage caused misuse
1;1;1;1;1;1;1;airstrike resulted explosions
1;1;1;1;1;1;0;Barrages make energy
1;1;1;1;1;1;1;conflict caused wastewater
1;1;1;1;1;1;0;car using engine
1;1;1;1;1;1;1;damage caused tornado
1;1;1;1;1;1;0;downturn made people
1;1;1;1;1;1;0;activation done source
1;1;1;1;1;1;0;article explains difficulties
1;1;1;1;0;1;1;colors caused dispersion
1;1;1;1;1;0;0;articles identified promotion
1;1;1;1;1;1;0;question raised announcement
1;1;1;1;1;1;1;pain caused strains
1;1;1;1;1;1;0;storm moving town
1;1;1;1;1;1;1;damage caused earthquake
1;0;1;1;0;0;0;Air blown mouthpiece
1;1;1;1;1;1;1;misinterpretation caused word
1;1;1;1;1;1;1;damage caused bombing
1;1;1;1;1;1;1;death caused tsunami
1;1;1;1;1;1;1;leakage caused person
1;1;1;1;1;1;1;fear suffered stab
1;1;1;1;1;1;1;fear caused stab
1;1;1;1;1;1;0;topic came discussion
1;1;1;1;1;1;1;suffering caused embargo
1;1;1;1;1;1;0;attacker killed instrument
1;0;1;1;0;0;0;company mocked version
1;1;1;1;1;1;1;anger caused abuse
1;1;1;1;1;1;0;advertising inform selections
1;0;1;1;1;1;0;leaflet informing qualities
1;1;1;1;1;1;1;strike resulted death
1;0;1;0;1;0;0;album completed singer
1;1;1;1;1;1;1;fear caused power
1;1;1;1;1;1;1;Tides caused gravitational pull
1;1;1;1;1;1;1;Stroke leading death
1;1;1;1;1;1;1;pain caused torment
1;1;1;1;1;1;0;community eluded positions
1;1;1;1;1;1;1;distraction caused incident
1;1;1;1;1;1;1;distraction coupled incident
1;1;1;1;1;1;1;light radiating friend
1;1;1;1;1;1;1;entrapments resulted suffocation
1;1;1;1;1;1;1;Storms lead losses
1;1;1;1;1;1;0;laws applying war
1;1;1;1;1;1;0;cross removed site
1;1;1;1;1;1;0;lighting rendering works
1;1;1;1;1;1;0;Discussion took function
1;1;1;1;1;0;0;document sets facts
1;1;1;1;1;1;0;document established levels
1;1;1;1;1;1;0;answer grows trend
1;1;1;1;1;1;0;programme consider happiness
1;1;1;1;1;1;1;devastation caused waves
1;1;1;1;1;0;0;Noise regulations come force
1;1;1;1;1;1;1;Cancer causes illness
1;1;1;1;1;1;1;Inhalation fumes irritation
1;1;1;1;1;1;1;Inhalation produces irritation
1;1;1;1;1;1;0;seminar gave system
1;1;1;1;1;1;1;noise caused powertrain
1;1;1;1;1;1;1;pandemic caused infection
1;1;1;1;1;1;0;evidence arose results
1;1;1;1;0;0;0;law covering registration
1;1;1;1;1;1;1;tsunami triggered earthquake
1;1;1;1;1;1;1;ulcer caused stress
1;1;1;1;1;1;1;Recessions caused excess demand
1;0;1;0;0;0;0;boom hinged fitting
1;1;1;1;1;1;1;recession triggered collapse
1;1;1;1;1;1;1;Lesions caused leg weakness
1;1;1;1;1;1;1;suffering caused bomb
1;1;1;1;1;1;1;death caused cancellation
1;1;1;1;1;1;1;problems ensued policy
1;1;1;1;1;1;1;incoming water caused stain
1;1;1;1;1;1;1;bleeding caused injury
1;1;1;1;1;1;1;effect lighting light
1;1;1;1;1;1;1;crisis caused jobless rate
1;1;1;1;1;0;1;corruption triggered utilities
1;1;1;1;1;1;1;creatures caused scare
1;1;1;1;1;1;1;ban caused debate
1;1;1;1;1;1;0;report giving activities
1;1;1;1;0;1;1;experience ensued blend
1;1;1;1;1;1;1;spill caused tanker
1;1;1;1;1;1;1;damage caused collision
1;1;1;1;1;1;0;dopamine causes depression
1;1;1;1;1;1;1;turbines generate electricity
1;1;1;1;1;1;1;suffering caused exploitation
1;1;1;1;1;1;0;mechanism composed magnet
1;1;1;1;1;1;1;riots bashing verdict
1;1;1;1;1;1;0;problems pointed study
1;1;1;1;1;0;0;weather report informed storm conditions
1;0;1;1;1;1;1;election caused appointment
1;1;1;1;1;0;1;wind swirling draft
1;1;1;1;1;1;1;wind caused draft
1;1;1;1;1;1;1;expansion resulted movements
1;1;1;1;1;0;0;Highways falling disrepair
1;0;1;1;1;0;0;exploration moving waters
1;1;1;1;1;1;1;Infectious diseases caused parasites
1;1;1;1;1;1;1;interaction arose layers
1;1;1;1;1;1;0;chemical produced gland
1;1;1;1;1;1;1;crisis caused cost
1;1;1;1;1;1;1;crisis escalating cost
1;1;1;1;1;1;1;injuries caused fireworks
1;1;1;1;1;1;1;injuries obtained fireworks
1;1;1;1;1;1;0;relationship thrown chaos
1;1;1;1;1;1;1;Alcohol cause suicide
1;1;1;1;1;0;1;disturbances required erosion
1;1;1;1;1;1;1;disturbances build erosion
1;1;1;1;1;1;1;disturbances lead erosion
1;1;1;1;1;1;0;Considerations concerned cases
1;0;1;1;1;0;0;wheels revolutionized grinding
1;1;1;1;0;0;0;rule driven approach
1;0;1;1;1;0;0;promises made leaders
1;1;1;1;1;1;1;deleveraging triggered crisis
1;1;1;1;1;1;1;dizziness caused injury
1;0;1;0;0;0;0;water put tank
1;1;1;1;1;1;1;virus caused pandemic
1;1;1;1;1;1;0;team prevailed brilliance
1;1;1;1;1;1;1;burns caused liquids
1;1;1;1;1;1;0;idiot pulls motion
1;1;1;1;1;1;1;flooding caused cyclone
1;1;1;1;1;1;1;Fog caused delays
1;0;1;1;1;0;0;administration established centres
1;1;1;1;1;1;0;model developed event
1;1;1;1;1;1;1;process caused stricture
1;1;1;1;1;1;1;suffering caused crisis
1;1;1;1;1;1;1;infection caused fungus
1;1;1;1;1;1;1;Tonsillitis caused micro-organisms
1;1;1;1;1;1;1;Hiccups caused spasm
1;1;1;1;1;0;0;electricity produced biomass
1;1;1;1;1;1;1;Landslides caused deaths
1;1;1;1;1;1;1;humiliation comes people
1;0;1;1;1;1;0;exhibition sustained contacts
1;1;1;1;1;1;1;visit caused sensation
1;1;1;1;1;0;1;voltage instigates reaction
1;1;1;1;1;1;1;controversy arose assignment
1;1;1;1;1;1;0;dispute concerning interpretation
1;1;1;1;1;1;0;Dioxide released atmosphere
1;1;1;1;1;1;1;abuse resulted swelling
1;1;1;1;1;1;0;fire originated area
1;1;1;1;1;1;1;harm caused quake
1;1;1;1;1;1;1;fungi cause disease
1;1;1;1;1;1;1;clashes resulted deaths
1;1;1;1;1;1;1;clashes including deaths
1;1;1;1;1;1;0;evidence came study
1;0;1;0;1;0;0;log- jam pending cases
1;1;1;1;1;1;1;bloodshed caused growth
1;1;1;1;1;1;1;anxiety caused accident
1;0;1;1;1;0;0;company eluded obligations
1;1;1;1;1;1;1;energy going source
1;1;1;1;0;0;1;acne caused cosmetics
1;1;1;1;1;1;1;light radiating face
1;1;1;1;1;1;1;noise caused resistors
1;0;1;1;1;0;1;noise biasing resistors
1;1;1;1;1;1;0;damage caused reconstruction
1;1;1;1;1;1;1;dust produces irritation
1;1;1;1;1;1;0;crisis originated sector
1;1;1;1;1;1;0;hormone produced gland
1;1;1;1;1;1;1;weight caused collapse
1;1;1;1;1;1;1;explosion triggered blast
1;1;1;1;1;1;1;sadness leads fear
1;1;1;1;1;1;1;flu include chills
1;1;1;1;1;1;1;blaze triggered fault
1;1;1;1;1;1;0;debris caused fire
1;1;1;1;1;1;1;flu cause stress
1;1;1;1;1;1;1;flu increases stress
1;1;1;1;1;1;1;accident resulted death
1;1;1;1;1;1;0;technique consists laser
1;0;1;1;1;1;0;technique heating laser
1;1;1;1;1;1;0;report supplying motives
1;1;1;1;1;1;1;Acne caused oily skin
1;1;1;1;0;1;1;dirt cause acne
1;1;1;1;1;1;1;rainbows caused refraction
1;1;1;1;1;1;1;storm caused cancellation
1;1;1;1;1;1;1;harm caused flood
1;1;1;1;1;1;0;work explored themes
1;0;1;1;1;0;1;batteries provide power
1;1;1;1;1;1;0;proclamation declares flu
1;1;1;1;1;1;0;Rumors leaked public
1;1;1;1;1;1;1;complications resulted deaths
1;1;1;1;1;1;0;pilots flown trouble
1;1;1;1;1;1;1;steam produced combustion
1;1;1;1;1;1;1;Lesions affecting hemiparesis
1;1;1;1;1;1;1;Lesions sparing hemiparesis
1;1;1;1;1;1;1;Lesions caused hemiparesis
1;0;1;1;1;0;0;transformer driven shield
1;1;1;1;1;0;0;article explores impulsivity
1;0;1;1;0;1;0;projects landing markets
1;1;1;1;1;1;1;congestion caused delays
1;0;1;1;0;1;0;term derived metaphor
1;1;1;1;0;0;0;bastard face velocity
1;1;1;1;1;0;1;plasma generated discharge
1;1;1;1;1;1;0;dust collected caisson
1;0;1;1;1;0;0;cocaine constricted pressure
1;1;1;1;1;1;0;cocaine increased pressure
1;1;1;1;1;0;1;spike caused glitch
1;1;1;1;1;1;1;outbreak caused vaccine
1;1;1;1;1;1;0;ads inform dangers
1;1;1;1;1;1;1;impact caused slit
1;1;1;1;0;0;0;effort gone development
1;1;1;1;1;1;0;bomb killed bin
1;1;1;1;1;1;1;drop caused recession
1;1;1;1;1;1;1;pandemic caused virus
1;1;1;1;1;1;0;processes ) acids
1;1;1;1;1;1;0;term originates expression
1;0;1;1;1;0;0;gases emanated sources
1;1;1;1;1;1;1;Acne caused irritants
1;1;1;1;1;1;1;Sadness leads dissatisfaction
1;1;1;1;1;1;1;sounds made species
1;1;1;1;1;1;1;system generating power
1;1;1;1;1;1;0;excerpt revolved theme
1;1;1;1;1;1;1;crash caused meteor
1;1;1;1;1;1;0;day thrown chaos
1;1;1;1;1;1;1;Swine flu leading disease
1;1;1;1;1;1;0;Lasers using wavelengths
1;1;1;1;1;1;1;devastation caused flooding
1;1;1;1;1;1;1;ticks caused discomfort
1;1;1;1;1;1;0;letter contained dispute
1;1;1;1;1;1;1;raid resulted crisis
1;0;1;1;1;1;1;scheme establishing access
1;1;1;1;1;1;1;tension caused fighting
1;1;1;1;1;1;1;stress caused battles
1;1;1;1;1;1;1;devastation caused fire
1;1;1;1;1;1;1;storm generated cold front
1;1;1;1;1;1;0;guide outlines issues
1;0;1;1;0;0;0;Scientists given warning
1;1;1;1;1;1;1;destruction caused war
1;1;1;1;1;1;1;accident caused snarl
1;1;1;1;1;1;1;injury caused person
1;0;1;1;1;0;0;words flowed curate
1;1;1;1;1;0;1;Pressure walking friction
1;0;1;1;0;0;0;world created process
1;1;1;1;1;1;1;floods caused rains
1;1;1;1;1;1;1;beam generated emission
1;1;1;1;1;1;1;devastation caused waste
1;1;1;1;1;1;1;devastation includes waste
1;1;1;1;1;1;0;Information gained test
1;0;1;1;1;0;0;producer required machinery
1;1;1;1;1;1;1;damage caused industry
1;1;1;1;1;1;0;phrase originates argument
1;1;1;1;1;1;1;disorders caused drinking
1;1;1;1;0;1;0;conference started debate
1;1;1;1;1;1;0;rain come downtown
1;1;1;1;1;1;0;statement revealed departure
1;1;1;1;1;1;0;hall fell disuse
1;1;1;1;1;1;1;devastation caused tsunami
1;1;1;1;1;1;0;power supply derived power-pack
1;1;1;1;1;1;1;coalition established activities
1;1;1;1;1;1;1;crisis caused blockade
1;1;1;1;1;1;1;blast caused mishandling
1;1;1;1;1;1;1;shortages mounting riots
1;1;1;1;1;1;0;ion derived acid
1;1;1;1;1;1;1;noise triggered quake
1;1;1;1;1;1;0;Products fallen disuse
1;0;1;1;1;1;0;lectures summarised thoughts
1;1;1;1;1;1;0;generator creates principle
1;1;1;1;1;1;0;generator using principle
1;1;1;1;1;1;1;delays caused governments
1;1;1;1;1;1;1;illness caused bacteria
1;0;1;1;1;1;0;article narrates experiences
1;1;1;1;1;1;0;system composed glands
1;1;1;1;1;1;1;tsunami resulted displacement
1;0;1;1;1;0;1;shot caused wound
1;1;1;1;1;1;0;company landed trouble
1;1;1;1;1;1;1;Acne caused hormonal imbalance
1;1;1;1;1;1;0;discussion made concept
1;0;1;1;0;1;0;teaching experience involves anecdotes
1;0;1;1;1;1;0;teaching experience telling anecdotes
1;1;1;1;1;1;1;disorders caused mutation
1;1;1;1;1;1;1;Power generated reaction
1;1;1;1;1;1;1;storm generated upwelling
1;1;1;1;1;1;0;article pointed problems
1;1;1;1;0;0;0;title derived quip
1;1;1;1;1;1;1;disaster caused hurricane
1;1;1;1;1;1;0;bomb dropped region
1;1;1;1;1;1;0;methods described publication
1;1;1;1;1;1;1;energy caused posters
1;1;1;1;1;1;0;efforts invested objective
1;1;1;1;1;1;1;explosion caused crater
1;1;1;1;1;1;1;damage caused aircraft
1;0;1;1;1;1;0;sound came structure
1;0;1;1;1;1;1;accident cause power outage
1;1;1;1;1;1;0;crisis spreading economy
1;1;1;1;1;1;1;damage caused virus
1;1;1;1;1;1;0;criticism commented weaknesses
1;0;1;0;1;0;0;life related movie
1;1;1;1;1;1;0;cow touched nuzzle
1;0;1;1;1;0;0;tools sped process
1;1;1;1;1;1;1;damage caused earthquakes
1;1;1;1;1;1;1;abscess caused infection
1;0;1;1;1;0;0;act promotes limitation
1;0;1;1;1;1;0;basin sunk depression
1;1;1;1;1;1;1;electrical short caused fire
1;1;1;1;1;1;1;events caused dissolution
1;1;1;1;1;1;1;contamination caused residues
1;1;1;1;1;1;1;Asthma causes narrowing
1;1;1;1;1;1;1;Asthma swelling narrowing
1;1;1;1;1;1;0;request arrived firm
1;0;1;1;1;0;0;air pressed lungs
1;1;1;1;1;1;1;incident caused entry
1;0;1;1;0;0;0;name originated times
1;1;1;1;1;1;1;imbalance caused torque
1;1;1;1;1;1;1;fear triggered death
1;1;1;1;1;1;0;singer demonstrates song
1;1;1;1;1;0;0;design evolved work
1;1;1;1;1;1;1;devastation caused earthquake
1;1;1;1;1;1;1;rash caused fungal imbalance
1;1;1;1;1;1;0;boys dragged fighting
1;1;1;1;1;1;0;show offers discussion
1;1;1;1;1;1;1;Tsunamis caused displacement
1;1;1;1;1;1;1;irritants cause coughing
1;1;1;1;1;1;0;speech known problems
1;1;1;1;1;1;1;decline caused collapse
1;1;1;1;1;1;0;resource documenting results
1;0;1;0;0;1;0;system contains antennas
1;1;1;1;1;1;1;announcement caused stir
1;1;1;1;1;0;0;guard scowling look
1;1;1;1;1;1;1;deformation caused filling
1;1;1;1;1;1;1;breakdown caused war
1;1;1;1;1;1;0;remark came person
1;1;1;1;1;1;1;ulcers caused infectious agent
1;1;1;1;1;1;1;inconvenience caused fence
1;0;1;0;0;0;0;sweetcorn produced cobs
1;1;1;1;1;1;1;clot caused seizure
1;1;1;1;0;1;0;population fell peak
1;1;1;1;1;1;0;data derived study
1;1;1;1;1;1;1;struggle caused disturbance
1;1;1;1;1;1;0;trio lit blaze
1;1;1;1;1;1;1;incidents resulted injuries
1;1;1;1;1;1;1;wind caused fire
1;1;1;1;1;1;1;wind catch fire
1;1;1;1;1;1;1;complication arose irradiation
1;1;1;1;0;0;0;word derived term
1;1;1;1;1;1;1;bombing resulted deaths
1;1;1;1;1;1;1;error caused tags
1;1;1;1;1;1;1;winds caused moisture
1;1;1;1;1;1;1;drag caused atmosphere
1;1;1;1;1;1;1;flooding caused clogging
1;1;1;1;1;1;0;compilation governed considerations
1;1;1;1;1;1;1;incidents resulted poisonings
1;0;1;0;1;0;0;money handed custody
1;1;1;1;1;0;0;issues addressed myth
1;1;1;1;1;1;1;sadness leads murder
1;1;1;1;1;1;1;light emanated table-lamp
1;0;1;1;0;0;0;remnants left storm
0;1;0;0;0;0;0;song composed musician
0;1;1;1;0;1;1;treaty establishes rule
0;1;1;1;0;0;0;News programs commented violence
0;1;0;1;0;1;0;family supporting features
0;1;1;1;0;0;0;method clearing combination
0;1;1;1;0;1;0;comments provided readers
0;1;0;1;0;0;0;father killed bar
0;1;0;0;0;0;0;defendant released custody
0;1;0;1;0;0;0;plant used vehicles
0;1;1;1;0;0;0;squad armed militants
0;1;1;1;0;1;0;organizations manage resources
0;1;1;1;0;1;0;Analysts assess frequency
0;1;1;1;0;0;0;Analysts using frequency
0;1;1;1;0;1;0;posts offending writer
0;1;1;1;0;0;0;roundtables organised keywords
0;1;0;1;0;0;0;song entered contest
0;1;1;1;1;0;1;sound made viper
0;1;1;1;1;0;0;work started end
0;1;1;1;1;1;0;investigations provided evidence
0;1;1;1;0;1;0;technique used combination
0;1;0;1;0;0;0;citizen landed battles
0;1;1;1;0;1;0;story alleging existence
0;1;1;1;0;1;1;hair loss caused stress
0;1;1;0;0;1;0;labor put building
0;1;1;1;1;1;0;discussion focusing violence
0;1;1;1;0;1;0;liberties set laws
0;1;1;1;0;0;0;offers placed catalog
0;1;1;1;1;1;0;aid flowing areas
0;1;1;1;0;1;0;Changes discussed sub-committee
0;1;1;1;1;0;1;dust set alarm
0;1;1;1;1;1;0;signal departs sine
0;1;1;1;0;1;0;oil polluting runoff
0;1;0;1;0;0;0;oil comes runoff
0;1;1;0;0;0;0;skills developed surgery
0;1;1;1;0;0;0;page used terms
0;1;1;1;0;0;0;list prepared records
0;1;1;1;0;1;0;girl journeyed danger
0;1;1;1;1;1;1;pollution caused shipwreck
0;1;1;1;0;1;0;regulation governing access
0;1;1;1;1;1;0;topics placed categories
0;1;1;1;0;0;0;display showing status
0;1;1;1;0;1;0;chapter relates attempts
0;1;1;1;0;1;0;shops produced clocks
0;1;1;1;1;1;1;agreements resulted diversion
0;1;1;1;0;0;0;atmospheric chemistry include acid rain
0;1;1;1;0;0;0;researcher approached categories
0;1;1;1;1;1;0;researcher predetermined categories
0;1;0;0;0;0;0;plague biting insects
0;1;1;1;0;1;1;caterpillars caused disease
0;1;1;1;0;0;0;binder goes trials
0;1;0;1;0;1;0;server identifies identifier
0;1;0;1;0;0;0;server using identifier
0;1;1;1;0;1;0;profiles used teachers
0;1;1;1;0;1;0;Twisters fill creations
0;1;1;1;0;1;0;paper constructed thesis
0;1;1;1;0;0;0;statutes declare policy
0;1;1;1;0;0;0;clauses invented framers
0;1;1;1;0;0;0;project regulate standard
0;1;0;1;0;1;0;body found drum
0;1;1;1;0;0;0;mechanism seated magnet
0;1;1;1;1;1;1;riots triggered verdict
0;1;1;1;0;0;0;results documented films
0;1;1;1;0;1;0;program developed author
0;1;1;1;1;1;0;discussion presented appendix
0;1;1;1;0;1;0;amount placed cylinder
0;1;0;1;0;0;0;people pushed hunger
0;1;0;1;0;1;1;tail caused solar wind
0;1;1;1;0;0;0;journalists become discussion
0;1;1;1;1;1;0;definition made standards
0;1;1;1;0;0;0;definition existing standards
0;1;1;1;0;1;1;illness triggered chickenpox
0;1;1;1;1;1;0;think tank considering issues
0;1;0;1;0;1;0;scientists compiled map
0;1;1;1;0;0;0;dollars put economy
0;1;1;1;0;1;0;controversy centered intelligence
0;1;1;1;0;1;0;members drafted ordinance
0;1;1;1;0;0;1;Methadone gives buzz
0;1;1;1;1;1;0;publication analyzes developments
0;1;1;1;1;1;0;publication interprets developments
0;1;0;1;0;0;0;sessions selected abstracts
0;1;1;1;0;1;1;reproductive toxicity caused nitrite
0;1;1;1;0;1;0;comment made developer
0;1;1;1;0;1;0;talk tackles challenges
0;1;1;1;0;1;0;water evaporated evaporators
0;1;1;1;0;1;0;publications commenting similarities
0;1;0;1;0;0;0;books dealing identification
0;1;1;1;1;0;0;crimes investigated show
0;1;1;1;1;1;0;cook stirs coals
0;1;1;1;0;0;0;script defined index
0;1;1;1;0;0;0;radio informed development
0;1;1;1;0;0;0;researcher started programme
0;1;1;1;0;1;1;monsoons caused change
0;1;0;0;0;1;0;rules regulate behavior
0;1;1;1;0;1;1;damage caused hallucinogens
0;1;1;1;0;1;0;company entered research
0;1;1;0;0;1;0;page carries conventions
0;1;1;1;0;1;0;merger running opposition
0;1;1;1;1;0;0;details revealed interview
0;1;1;1;0;1;0;tree growing woods
0;1;1;1;0;1;0;report assesses degree
0;1;1;1;1;0;0;meeting decided vote
0;1;1;1;1;1;1;rules establish criteria
0;1;1;1;1;1;0;chart produced study
0;1;0;1;0;0;0;timers started event
0;1;1;1;1;1;0;declaration tackle climate change
0;1;1;1;0;1;0;fluid spread body
0;1;1;1;0;0;0;bastard peels velocity
0;1;1;1;0;1;0;methods preceding paper
0;1;1;1;0;1;1;Stimulation produced latency
0;1;1;1;0;1;0;tests using substance
0;1;1;1;1;1;0;report fulfills requirements
0;1;1;1;1;1;0;series examined crimes
0;1;1;1;0;1;0;forces defeated troops
0;1;1;1;0;1;0;existence revealed speech
0;1;1;1;0;1;0;verbalizations focused questions
0;1;1;1;0;0;0;talks moving overtime
0;1;1;1;0;0;0;certificate awarded product
0;1;1;1;0;0;0;researchers produced report
0;1;1;1;0;1;0;patient induced coma
0;1;1;1;1;1;1;speech caused combustion
0;1;1;1;1;1;0;documents discussed meeting
0;1;1;1;0;1;0;paragraphs introduce ideas
0;1;1;1;0;0;0;photograph forgotten memory
0;1;1;1;0;1;0;projects investigating aspects
0;1;1;1;0;0;0;court achieved rule
0;1;1;1;0;1;0;court using rule
0;1;1;1;1;0;0;firm reeased report
0;1;1;1;1;1;1;Joint problems caused osteoarthitis
0;1;1;1;0;1;0;project assess state
0;1;1;1;1;1;0;song crumbling group
0;1;0;0;0;0;0;science fiction deal roles
0;1;1;1;1;0;0;motet grows idea
0;1;0;1;0;1;0;song featured character
0;1;1;1;0;1;0;song performed character
0;1;1;1;0;0;0;income went administration
0;1;1;1;1;0;0;president running bankruptcy
0;1;1;1;1;1;0;pact come effect
0;1;1;1;0;0;0;holder appears spiral
0;1;1;1;0;0;0;valves make heart
0;1;1;1;0;1;0;valves flows heart
0;1;0;1;0;1;0;cushion stuffed feathers
0;1;1;1;0;0;1;closure caused backup
0;1;1;1;1;1;0;speech set belief
0;1;1;1;0;0;0;company migrating segments
0;1;1;1;0;0;0;item shipped customer
0;1;1;1;1;1;0;user using gestures
0;1;1;1;0;1;0;conditions spreading areas
0;1;1;1;0;1;0;speech addressing practices
0;1;1;1;0;0;0;figure illustrates results
0;1;1;1;0;1;0;appellant killed malice
0;1;1;1;0;0;0;film asserts tenacity
0;1;0;1;0;1;0;scientists treated antiboitics
0;1;1;1;0;0;0;items shipped customer
0;1;1;1;0;0;0;films delivered viewers
0;1;1;1;0;0;0;impact investigated work
0;1;0;1;0;1;0;Shampoos using acid
0;1;1;1;0;0;0;products shipped areas
0;1;1;1;0;0;0;avenger killed rifle
0;1;1;1;0;1;0;illusion examined experiments
0;1;1;1;0;1;0;complex treated poison
0;1;1;1;1;1;0;students enforced violence
0;1;1;1;0;1;0;fluids enclosed cylinder
0;1;1;1;1;1;0;study assessed evaluations
0;1;1;1;1;1;0;study using evaluations
0;1;1;1;0;0;0;fees charged discussion
0;1;1;1;0;1;0;fees became discussion
0;1;1;1;0;0;0;acetoin distilled filtrate
0;1;1;1;0;0;0;notification declares names
0;1;1;1;0;0;0;researcher started question
0;1;0;1;0;1;0;fox tore fury
0;1;1;0;0;0;0;bombs thrown cars
0;1;0;1;0;1;0;robbers ran scene
0;1;1;1;0;0;1;view rooted perspective
0;1;1;1;0;1;0;vehicles brought city
0;1;1;1;1;1;1;neuron unleashes jolt
0;1;1;1;1;1;0;rule governs use
0;1;0;1;0;1;0;blisters caused antibodies
0;1;0;1;0;1;0;mainspring winding watch
0;1;1;1;0;1;0;candidate approved program
0;1;1;1;0;1;0;beginning explored documents
0;1;1;0;0;1;0;book made study
0;1;1;1;1;1;0;method discovered scholar
0;0;1;0;0;0;0;survivors moved houses
0;0;1;0;0;0;0;young left nest
0;0;1;0;0;0;0;bottle put container
0;0;1;1;0;1;0;method use combination
0;0;1;1;0;1;0;article explore use
0;0;1;0;0;0;1;slide triggered crew
0;0;1;1;0;0;0;company addressed publication
0;0;1;1;0;1;0;volume analyzes concepts
0;0;1;0;0;0;0;tube introduced container
0;0;1;1;0;0;0;offenders absconded officers
0;0;1;1;0;0;0;attractions advertised billboards
0;0;1;1;0;0;0;texts relate anecdotes
0;0;1;1;0;0;0;motor built canister
0;0;1;1;0;0;0;name derived address
0;0;1;0;0;0;0;Molten core dropped river
0;0;1;1;0;1;0;person created content
0;0;1;0;0;0;0;mushroom found mass
0;0;1;1;0;1;0;thesis asserted book
0;0;1;0;0;0;0;clustering resulted clusters
0;0;1;0;0;0;0;tableau placed room
0;0;1;1;1;0;0;car achieved engine
0;0;1;0;0;0;0;book takes phases
0;0;1;1;0;0;0;song criticizes hypocrisy
0;0;1;1;0;0;0;writer created series
0;0;1;0;0;0;0;finger found can
0;0;1;1;0;0;0;shipments arrived stock
0;0;1;1;0;1;0;doctor tells sphygmomanometer
0;0;1;1;0;0;0;doctor using sphygmomanometer
0;0;1;1;0;0;0;fuel delivered bunker
0;0;1;0;0;0;0;anecdotes gathered workers
0;0;1;0;0;0;0;brains removed dish
0;0;1;1;0;0;0;committee assists commission
0;0;1;0;1;0;0;blazes denote trail
0;0;1;1;0;1;1;damage caused bullet
0;0;1;0;0;0;0;feet sunk floor
0;0;1;0;1;0;0;student came solution
0;0;1;1;0;0;0;first part gives techniques
0;0;1;0;0;0;0;chunks fell airplane
0;0;1;0;0;0;0;text handles material
0;0;1;1;0;0;0;associations turning receiverships
0;0;1;1;0;0;0;team assembled team
0;0;1;0;1;1;0;industries emerging economies
0;0;1;1;0;0;0;paper narrated discovery
0;0;1;0;0;0;0;search started scales
0;0;1;1;0;0;0;basis consisting population
0;0;1;0;0;0;0;aunt fell health
0;0;1;0;0;0;0;hand formed gestures
0;0;1;1;0;0;0;system built modules
0;0;1;1;0;0;0;lychee stirs note
0;0;1;1;0;0;0;lychee resonating note
0;0;1;0;0;0;0;answer popped riddle
0;0;1;1;0;0;0;criminal got jail
0;0;1;0;0;0;0;terrorists broke jail
0;0;1;1;0;0;1;streaks see particles
0;0;1;1;0;0;1;streaks caused particles
0;0;1;1;0;0;0;types introduced sections
0;0;1;0;0;0;0;cells migrated tissues
0;0;1;0;0;0;0;newsletter keep happenings
0;0;1;1;0;0;0;newsletter informed happenings
0;0;1;1;0;0;0;assembly attaches cover
0;0;1;0;0;0;0;artist put can
0;0;1;0;0;0;0;memo gives lineup
0;0;1;1;1;0;0;children participated competition
0;0;1;1;0;0;0;company established fireman
0;0;1;1;0;1;0;immigrant arrives port
0;0;1;1;1;0;0;page explains terms
0;0;1;0;0;0;0;drug leaves brain
0;0;1;0;0;0;0;phone moved prototype stage
0;0;1;0;1;0;0;gas centrifuge born camp
0;0;1;1;1;0;0;film departed fare
0;0;1;1;0;0;0;Lymphoeytes drained lymphatics
0;0;1;0;0;0;0;files linked bust
0;0;1;1;0;0;0;body comprised phrase
0;0;1;1;0;1;0;paper presents review
0;0;1;0;0;0;0;journal takes history
0;0;1;1;0;0;0;character devised producers
0;0;1;0;0;0;0;cache stolen goods
0;0;1;0;0;0;0;hardwire put brain
0;0;1;1;0;0;0;index generated package
0;0;1;0;0;0;0;index using package
0;0;1;0;0;0;0;hinge repaired book
0;0;1;0;0;0;0;studies migrating inquiry
0;0;1;0;0;0;0;contractors using entrance
0;0;1;0;0;0;0;boom mounting fitting
0;0;1;1;0;0;0;tongue stuck canteen
0;0;1;1;1;1;0;hole caused missile
0;0;1;1;1;0;0;proposals outlined speech
0;0;1;1;0;0;0;films reap filmmakers
0;0;1;1;0;0;1;perturbations caused moon
0;0;1;0;0;0;0;staff using tools
0;0;1;0;0;0;0;maid fell balcony
0;0;1;0;0;0;0;books charted transformation
0;0;1;0;0;0;0;theory sprout journalists
0;0;1;1;0;0;0;launcher receives system
0;0;1;0;0;0;0;water put well
0;0;1;1;0;0;0;film reveals economy
0;0;1;1;0;0;0;word descended root
0;0;1;1;0;0;0;box contained system
0;0;1;0;0;0;0;box sending system
0;0;1;1;0;0;0;needs approaching society
0;0;1;1;0;0;0;name derived series
0;0;1;0;0;0;0;disposes designated area
0;0;1;0;0;0;0;kingdom comprises areas
0;0;1;1;0;0;0;coterie contributing editors
0;0;1;0;0;0;0;neologisms come literature
0;0;1;1;0;0;0;program based author
0;0;1;0;0;1;0;story created students
0;0;1;0;0;0;0;bark composed phloem
0;0;1;1;0;0;0;setup put chimney
0;0;1;1;0;0;0;talks regarding contract
0;0;1;1;0;0;0;founder growing agency
0;0;1;1;0;0;0;items arrived store
0;0;1;0;0;0;0;busloads ran contention
0;0;1;1;0;0;1;acidity caused carbon dioxide
0;0;1;0;0;0;0;author identifies devil
0;0;1;1;0;0;0;troops arrived areas
0;0;1;0;0;0;0;city constructed station
0;0;1;1;0;0;0;Proposals simplify conference
0;0;1;1;1;0;0;Proposals outlined conference
0;0;1;0;0;0;0;posts imported installation
0;0;1;0;0;0;0;report provides societal impacts
0;0;1;0;0;0;0;painting depicting being
0;0;1;1;0;0;1;mosaicism observed mutation
0;0;1;1;0;0;1;mosaicism derived mutation
0;0;1;0;0;0;0;ship departed harbour
0;0;1;1;0;1;0;organisms spreading areas
0;0;1;0;0;0;0;organization founded student
0;0;1;1;0;0;0;Seminars organised area
0;0;1;1;0;0;0;substance exported cytoplasm
0;0;1;1;0;1;0;way peel debate
0;0;1;1;0;0;0;convention declare ownership
0;0;1;1;0;0;0;request sent moderator
0;0;1;0;0;0;0;hypothesis asserting domination
0;0;1;1;0;1;0;volume synthesizes understanding
0;0;1;0;0;0;0;officials involved dossier
0;0;1;0;0;0;0;volume presents inscriptions
0;0;1;1;0;0;0;note explain rating
0;0;1;1;0;0;0;ossicone grows cartilage
0;0;1;1;1;1;0;committee composed people
0;0;1;0;0;0;0;surface divided plates
0;0;1;0;0;0;0;ray theory study layer
0;0;1;1;0;0;0;book asserts relationship
0;0;1;1;0;0;0;technician uses in-circuit emulator
0;0;1;1;0;1;0;dataset extracted documents
0;0;1;0;0;0;0;tool designed handles
0;0;1;1;1;0;1;variations caused stratospheric winds
0;0;1;0;0;0;0;laugh erected hairs
0;0;1;0;0;0;0;tears flown river
0;0;1;1;0;0;0;reservoir put operation
0;0;1;1;0;0;0;questionnaire comprises sections
0;0;1;1;0;0;0;benefits described sentence
0;0;1;1;0;0;0;rain evaporated forest canopy
0;0;1;0;0;0;0;room moved corner
0;0;1;0;0;0;0;cerebrum made hemispheres
0;0;1;1;0;0;0;remote control fell water
0;0;1;1;1;1;0;dialogue covered economic impact
0;0;1;1;1;0;0;bureau established committee
0;0;1;0;0;0;0;convict protects claim
0;0;1;0;0;0;0;flakeboard produced guardrail
0;0;1;0;0;0;0;flakeboard decommissioned guardrail
0;0;1;1;0;0;0;optimization viewed engineers
0;0;1;1;0;0;0;aircraft departed flight
0;0;1;1;0;1;0;committee made recommendations
0;0;1;0;0;0;0;nose lined tissue
0;0;1;1;0;1;0;device inserted port
0;0;1;0;0;0;0;workshop introduced tools
0;0;1;1;0;0;0;policy presented prevention
0;0;1;0;0;1;0;people migrated areas
0;0;1;0;0;0;0;regulation using valve
0;0;1;0;0;0;0;paddle called canister
0;0;1;0;0;0;0;pages explain significance
0;0;1;1;0;0;0;team includes general counsel
0;0;1;1;0;0;0;plurality predetermined features
0;0;1;1;1;1;0;sheets concerned aspects
0;0;1;1;0;0;0;squads battered shots
0;0;1;1;0;1;0;pole resides receptacle
0;0;1;0;0;0;0;houses built government
0;0;1;1;0;1;0;work prepared employee
0;0;1;1;0;0;0;mother sank depression
0;0;1;0;0;0;0;history ( book
0;0;1;0;0;0;0;history set book
0;0;1;0;0;0;0;aid delivered countries
0;0;1;0;0;0;0;cow produced milk
0;0;1;0;0;0;0;vessels defaced badge
0;0;1;1;0;0;1;contractions caused prostaglandins
0;0;1;1;0;0;0;timers booted event
0;0;1;1;1;1;1;shifts caused gas flows
0;0;1;0;0;0;0;book provides role
0;0;1;1;0;1;0;letter discussing teaching duties
0;0;1;1;0;0;0;Concerns regarding data protection
0;0;1;1;0;0;0;program recorded notes
0;0;1;1;1;0;0;answer came paragraph
0;0;1;1;0;1;0;officer battered ram
0;0;1;1;0;0;0;proverb consisting parts
0;0;1;0;0;0;0;methods adopted paper
0;0;1;0;0;0;0;methods described paper
0;0;1;1;1;1;0;areas added spaces
0;0;1;0;0;0;0;Victims transported room
0;0;1;1;0;0;0;array developed group
0;0;1;1;0;0;0;body abandoned laundry bag
0;0;1;1;0;0;0;products governed agreement
0;0;1;1;0;0;0;Goods transported countries
0;0;1;1;0;0;0;Personality includes style
0;0;1;1;0;0;0;supreme court applied amendment
0;0;1;0;0;1;0;paper describe derivation
0;0;1;1;1;0;0;letter contains instructions
0;0;1;1;1;0;0;bait got frig
0;0;1;1;0;0;0;conference organised roundtables
0;0;1;1;0;0;0;apparatus produces vessel
0;0;1;0;0;0;0;sketch setting ideas
0;0;1;1;0;0;0;funds invested schemes
0;0;1;0;0;1;0;head popped clothing
0;0;1;0;0;0;0;article extracted book
0;0;1;1;0;0;0;test added exam
0;0;1;0;0;0;0;examination started head
0;0;1;1;0;0;0;archives publish studies
0;0;1;1;0;0;0;Scientists analysing warning
0;0;1;0;0;0;0;photos leaked journal
0;0;1;0;0;0;0;mechanism enclosed bath
0;0;1;0;0;0;0;stone put pot
0;0;1;1;0;0;0;statute declared trade
0;0;1;0;0;0;0;countries related history
0;0;1;0;0;0;0;Cancellations notified mail
0;0;1;1;0;0;0;method comprises step
0;0;1;1;0;0;0;talk related tricks
0;0;1;1;0;0;0;system using rig
0;0;1;1;0;0;1;pollution causes warming
0;0;1;0;0;0;0;server driven approach
0;0;1;0;0;0;0;offices placed building
0;0;1;0;1;0;0;ointment put eyelid
0;0;1;1;1;0;0;engineer worked machine
0;0;1;1;0;1;0;story tell conquest
0;0;1;0;0;0;0;person came brakes
0;0;1;0;0;0;0;Lactic acid made dextrose
0;0;1;0;0;0;0;display receives cable
0;0;1;0;0;0;0;satellite manoeuvred orbit
0;0;1;1;0;1;1;measure gained lectures
0;0;1;0;0;0;0;awards honour projects
0;0;1;1;0;0;0;drug put tubes
0;0;1;0;0;0;0;manna hidden pot
0;0;1;0;0;0;0;industry recycling backfill
0;0;1;0;0;0;0;entrance shows building
0;0;1;1;0;0;0;phonograph developed work
0;0;1;1;0;0;0;artworks reveal view
0;0;1;1;0;0;0;committee secured creditors
0;0;1;1;0;1;0;media treated mixture
0;0;1;1;0;0;0;explanation set appendix
0;0;1;0;0;0;0;internal auditors moved locations
0;0;1;1;0;0;0;workpackage comprise tasks
0;0;1;1;0;0;0;workpackage following tasks
0;0;1;0;0;0;0;deposits put account
0;0;1;1;0;0;1;tsunami missing displacement
0;0;1;1;0;0;0;responsibilities handed care
0;0;1;0;0;0;0;letter contains copy
0;0;1;1;0;0;0;letter encloses copy
0;0;1;0;0;0;0;nunt originating cuisine
0;0;1;0;0;0;0;aircraft departed airport
0;0;1;0;0;0;0;pages found tankard
0;0;1;0;0;0;0;pages wadded tankard
0;0;1;1;0;1;0;notes give changes
0;0;1;0;0;0;0;method comprises steps
0;0;1;1;0;0;0;theory governed exchange
0;0;1;1;0;0;0;pump employs coupling
0;0;1;0;0;0;0;flights departing airspace
0;0;1;0;0;0;0;restaurant fallen list
0;0;1;1;0;0;0;government established agency
0;0;1;1;0;0;0;design driven studio
0;0;1;1;0;0;0;company determine benchmarking
0;0;1;1;0;0;0;company using benchmarking
0;0;1;1;0;0;0;association assembled kits
0;0;1;0;0;0;0;water poured river
0;0;1;0;0;0;0;book involves process
0;0;1;1;0;0;0;motions regarding discipline
0;0;1;0;0;0;0;money buy pocket
0;0;1;0;1;0;0;money coming pocket
0;0;1;0;1;0;0;fish pushed sea
0;0;1;1;0;0;0;list generated call
0;0;1;1;0;0;0;film uses flashbacks
0;0;1;1;0;0;0;company assembled portfolio
0;0;1;1;0;0;0;manuscript introduced justice
0;0;1;1;0;0;0;generations departed future survival
0;0;1;0;0;0;0;ornaments blown molds
0;0;1;1;0;1;0;notes detailing ideas
0;0;1;0;0;0;0;letter arrived headquarters
0;0;1;0;0;0;0;hydrants tested facility
0;0;1;0;0;0;0;mechanism consists bridge
0;0;1;0;1;0;0;ship dissapeared harbour
0;0;1;1;0;0;0;award bestowed organization
0;0;1;1;0;0;0;officer reached apparatus
0;0;1;0;0;0;0;exhibition displayed view
0;0;1;1;0;0;0;constitution prepared leaders
0;0;1;1;0;0;0;respondents using programs
0;0;1;0;0;0;0;preforms blown bottles
0;0;1;1;0;0;0;fable illustrates progress
0;0;1;1;0;0;0;press continues results
0;0;1;0;0;0;0;press digest results
0;0;1;0;0;0;0;body specialized traders
0;0;1;1;0;0;0;engineers devised method
0;0;1;1;0;0;0;parameters described text
0;0;1;1;0;0;0;maternity wards sinking chaos
0;0;1;0;0;0;0;machine contains reservoir
0;0;1;0;0;0;0;box arrived braces
0;0;1;0;0;0;0;industry constitutes economy
0;0;1;1;0;0;0;firm co-founded head
0;0;1;0;0;0;0;technical terms defined glossary section
0;0;1;0;0;0;0;bill regulating commerce
0;0;1;0;0;0;0;claim issued quarters
0;0;1;0;0;0;0;products grown defendant
0;0;1;0;0;0;0;sweetcorn filled cobs
0;0;1;1;0;1;0;person creates couverture
0;0;1;1;0;0;0;images found reliquary
0;0;1;1;0;0;0;commissioner assisted officers
0;0;1;0;0;0;0;help arrived quarter
0;0;1;0;0;0;0;area accommodated pen
0;0;1;0;0;0;0;child killed nail
0;0;1;1;0;0;0;wainwright worked shapes
0;0;1;1;0;0;0;wainwright whittling shapes
0;0;1;1;0;0;0;wainwright lathing shapes
0;0;1;1;0;0;0;ring unleashes power
0;0;1;1;1;0;0;name leaked article
0;0;1;0;0;0;0;candidate graduated program
0;0;1;1;0;0;0;name leaked chatrooms
0;0;1;0;0;0;0;coolant contained bottle
0;0;1;1;1;0;1;vacancy created retirement
0;0;1;1;0;0;0;firefighters described horror
0;0;1;0;0;0;0;trio performs artists
0;0;1;0;0;0;0;cabinet encloses woofer
0;0;1;0;0;0;0;observations determine kinematics
0;0;1;1;0;0;0;substance found letter
0;0;1;1;0;0;0;manufacturer using parts
0;0;1;0;0;0;1;light broken table-lamp
0;0;0;1;0;0;0;thesis defines clinical characteristics
0;0;0;1;0;0;0;gift arrived friend
0;0;0;1;0;0;0;family constructed features
0;0;0;1;0;0;0;inspector left yard
0;0;0;1;0;0;0;plant builds vehicles
0;0;0;1;1;0;0;man carried car
0;0;0;1;0;0;0;blogger going conversation
0;0;0;1;0;0;0;body unleashes passenger
0;0;0;1;0;0;0;Researchers synthesized ingredients
0;0;0;1;0;0;0;narrative telling history
0;0;0;1;0;0;0;topics related song
0;0;0;1;0;0;0;film revolves cadaver
0;0;0;1;0;0;0;heart created artist
0;0;0;1;0;0;0;position defined canon law
0;0;0;1;0;1;0;player vibrating string
0;0;0;1;0;0;1;bacteria sleeping sickness
0;0;0;1;0;0;0;newsletter published happenings
0;0;0;1;0;0;0;methane migrated wells
0;0;0;1;0;0;0;guy thought story
0;0;0;1;0;0;0;team travelling territory
0;0;0;1;0;0;0;person assists employee
0;0;0;1;0;0;0;body appointed elders
0;0;0;1;0;0;0;evening centered courage
0;0;0;1;0;0;0;chabazite contained multiple U-tube
0;0;0;1;0;0;0;Responses obtained presidents
0;0;0;1;0;0;0;stories based historical truths
0;0;0;1;0;0;0;electronic engineer migrated embedded software
0;0;0;1;0;0;0;producer paid programs
0;0;0;1;0;0;0;person prepares goods
0;0;0;1;0;0;0;exhibition examines contacts
0;0;0;1;0;0;0;virus originated bird
0;0;0;1;0;0;0;guards left building
0;0;0;1;0;0;0;stories spawned prequels
0;0;0;1;0;0;0;class examine therapeutic benefits
0;0;0;1;0;0;0;letter sent group
0;0;0;1;0;0;0;script creates index
0;0;0;1;0;0;0;radio keeps development
0;0;0;1;0;0;0;article claiming music
0;0;0;1;0;0;0;catheter inserted artery
0;0;0;1;0;0;0;blank made carton
0;0;0;1;0;0;0;program creates notes
0;0;0;1;0;0;0;contestant gave answer
0;0;0;1;0;1;0;patient placed coma
0;0;0;1;0;0;0;fetus derived embryo
0;0;0;1;0;0;0;lactoferrin transported blood
0;0;0;1;0;0;0;tutorial aims musical theory
0;0;0;1;0;0;0;tutorial summarise musical theory
0;0;0;1;0;0;0;files reveal plot
0;0;0;1;0;1;0;creator played game
0;0;0;1;0;0;0;seawater make ions
0;0;0;1;0;0;0;tapir hit hoof
0;0;0;1;0;0;0;Sets denoted letters
0;0;0;1;0;0;0;artist restrained creations
0;0;0;1;0;0;0;engineer designed machine
0;0;0;1;0;0;0;award given scholar
0;0;0;1;0;0;0;cooper makes barrels
0;0;0;1;0;0;0;family went village
0;0;0;1;0;0;0;probe generated fragment
0;0;0;1;0;0;0;probe amplified fragment
0;0;0;1;0;0;0;teacher using literature
0;0;0;1;0;0;0;kids ran place
0;0;0;1;0;0;0;player moved next round
0;0;0;1;0;1;0;word originates race
0;0;0;1;0;0;0;applicant accredited school
0;0;0;1;0;0;0;lord continues giving
0;0;0;1;0;0;0;lord demonstrate giving
0;0;0;1;0;0;0;musician treated preparation
0;0;0;1;0;0;0;series investigating rites
0;0;0;1;0;0;0;world live life
0;0;0;1;0;0;0;craftsperson creates representation
0;0;0;1;0;1;0;computer company running problems
0;0;0;1;0;0;0;women developed style
0;0;0;1;0;0;1;dips caused y-rays
0;0;0;1;0;0;0;manufacturer assembles parts
0;0;0;0;1;0;0;couple piled waters
0;0;0;0;0;1;0;daughter fell coma
0;0;0;0;0;1;0;ligature assists performer
0;0;0;0;0;1;0;train going photographer
0;0;0;0;0;0;1;collision resulted crashes
0;0;1;1;0;0;1;force generated joystick
0;1;1;1;0;0;1;dust dry nosebleeds