Case5;Case6;Case7;Case8;Case9;Case10;Triple
1.0;1.0;1.0;1.0;1.0;1.0; Acne caused hormonal imbalance
1.0;1.0;1.0;1.0;1.0;1.0; Acne caused irritants
1.0;1.0;1.0;1.0;1.0;1.0; Acne caused oily skin
1.0;0.0;1.0;1.0;0.0;0.0; Air blown mouthpiece
1.0;1.0;1.0;1.0;1.0;1.0; Alcohol cause suicide
1.0;1.0;1.0;1.0;0.0;1.0; Analysts assess frequency
1.0;1.0;1.0;1.0;0.0;0.0; Analysts using frequency
1.0;1.0;1.0;1.0;1.0;1.0; Asteroid threatened disaster
1.0;1.0;1.0;1.0;1.0;1.0; Asthma causes narrowing
1.0;1.0;1.0;1.0;1.0;1.0; Asthma swelling narrowing
1.0;1.0;1.0;1.0;1.0;1.0; Barrages make energy
1.0;0.0;0.0;0.0;0.0;0.0; Brandy distilled juices
0.0;0.0;1.0;0.0;0.0;0.0; Cancellations notified mail
1.0;1.0;1.0;1.0;1.0;1.0; Cancer causes illness
0.0;1.0;1.0;1.0;0.0;1.0; Changes discussed sub-committee
1.0;0.0;1.0;1.0;0.0;0.0; Concerns regarding data protection
1.0;1.0;1.0;1.0;1.0;1.0; Conditions criticised report
1.0;1.0;1.0;1.0;1.0;1.0; Considerations concerned cases
1.0;1.0;1.0;1.0;1.0;1.0; Dioxide released atmosphere
1.0;1.0;1.0;1.0;1.0;1.0; Discussion took function
1.0;1.0;1.0;1.0;1.0;1.0; Fog caused delays
1.0;0.0;1.0;1.0;0.0;0.0; Goods transported countries
1.0;1.0;1.0;1.0;1.0;1.0; Hiccups caused spasm
1.0;1.0;1.0;1.0;1.0;0.0; Highways falling disrepair
1.0;1.0;1.0;1.0;1.0;1.0; Infectious diseases caused parasites
1.0;1.0;1.0;1.0;1.0;1.0; Information gained test
1.0;1.0;1.0;1.0;1.0;1.0; Inhalation fumes irritation
1.0;1.0;1.0;1.0;1.0;1.0; Inhalation produces irritation
1.0;1.0;1.0;1.0;1.0;1.0; Joint problems caused osteoarthitis
0.0;0.0;1.0;0.0;0.0;0.0; Lactic acid made dextrose
1.0;1.0;1.0;1.0;1.0;1.0; Landslides caused deaths
1.0;1.0;1.0;1.0;1.0;1.0; Lasers using wavelengths
1.0;1.0;1.0;1.0;1.0;1.0; Lesions affecting hemiparesis
1.0;1.0;1.0;1.0;1.0;1.0; Lesions caused hemiparesis
1.0;1.0;1.0;1.0;1.0;1.0; Lesions caused leg weakness
1.0;1.0;1.0;1.0;1.0;1.0; Lesions sparing hemiparesis
1.0;0.0;1.0;1.0;0.0;0.0; Lymphoeytes drained lymphatics
1.0;1.0;1.0;1.0;0.0;0.0; Methadone gives buzz
1.0;0.0;1.0;0.0;0.0;0.0; Molten core dropped river
1.0;1.0;1.0;1.0;0.0;0.0; News programs commented violence
1.0;1.0;1.0;1.0;1.0;0.0; Noise regulations come force
1.0;0.0;1.0;1.0;0.0;0.0; Personality includes style
1.0;1.0;1.0;1.0;1.0;1.0; Power generated reaction
1.0;1.0;1.0;1.0;1.0;0.0; Pressure walking friction
1.0;1.0;1.0;1.0;1.0;1.0; Products fallen disuse
1.0;0.0;1.0;1.0;1.0;0.0; Proposals outlined conference
1.0;0.0;1.0;1.0;0.0;0.0; Proposals simplify conference
1.0;1.0;1.0;1.0;1.0;1.0; Rain caused cancellation
1.0;1.0;1.0;1.0;1.0;1.0; Recessions caused excess demand
1.0;0.0;0.0;0.0;0.0;0.0; Relationships depicted series
0.0;0.0;0.0;1.0;0.0;0.0; Researchers synthesized ingredients
0.0;0.0;0.0;1.0;0.0;0.0; Responses obtained presidents
1.0;1.0;1.0;1.0;1.0;1.0; Roundworms caused parasite
1.0;1.0;1.0;1.0;1.0;1.0; Rumors leaked public
1.0;1.0;1.0;1.0;1.0;1.0; Sadness leads dissatisfaction
0.0;0.0;1.0;1.0;0.0;0.0; Scientists analysing warning
1.0;0.0;1.0;1.0;0.0;0.0; Scientists given warning
1.0;0.0;1.0;1.0;0.0;0.0; Seminars organised area
0.0;0.0;0.0;1.0;0.0;0.0; Sets denoted letters
0.0;1.0;0.0;1.0;0.0;1.0; Shampoos using acid
1.0;0.0;0.0;0.0;0.0;0.0; Skydivers dropped island
1.0;1.0;1.0;1.0;0.0;1.0; Stimulation produced latency
1.0;1.0;1.0;1.0;1.0;1.0; Storms lead losses
1.0;1.0;1.0;1.0;1.0;1.0; Stroke leading death
1.0;1.0;1.0;1.0;1.0;1.0; Swine flu leading disease
1.0;1.0;1.0;1.0;1.0;1.0; Tides caused gravitational pull
1.0;1.0;1.0;1.0;1.0;1.0; Tonsillitis caused micro-organisms
1.0;1.0;1.0;1.0;1.0;1.0; Tsunamis caused displacement
1.0;1.0;1.0;1.0;0.0;1.0; Twisters fill creations
1.0;0.0;0.0;0.0;0.0;0.0; Vehicles equipped bumpers
0.0;0.0;1.0;0.0;0.0;0.0; Victims transported room
1.0;1.0;1.0;1.0;1.0;1.0; abscess caused infection
1.0;1.0;1.0;1.0;1.0;1.0; abuse resulted swelling
1.0;0.0;1.0;1.0;1.0;1.0; accident cause power outage
1.0;1.0;1.0;1.0;1.0;1.0; accident caused snarl
1.0;1.0;1.0;1.0;1.0;1.0; accident resulted death
1.0;1.0;1.0;1.0;0.0;0.0; acetoin distilled filtrate
1.0;0.0;1.0;1.0;0.0;0.0; acidity caused carbon dioxide
1.0;1.0;1.0;1.0;0.0;0.0; acne caused cosmetics
1.0;0.0;1.0;1.0;1.0;0.0; act promotes limitation
1.0;1.0;1.0;1.0;1.0;1.0; activation done source
1.0;0.0;1.0;1.0;1.0;0.0; administration established centres
1.0;1.0;1.0;1.0;1.0;1.0; ads inform dangers
1.0;1.0;1.0;1.0;1.0;1.0; advertising inform selections
1.0;1.0;1.0;1.0;1.0;1.0; agreements resulted diversion
0.0;0.0;1.0;0.0;0.0;0.0; aid delivered countries
1.0;1.0;1.0;1.0;1.0;1.0; aid flowing areas
1.0;1.0;1.0;1.0;1.0;1.0; air filled smell
1.0;0.0;1.0;1.0;1.0;0.0; air pressed lungs
1.0;0.0;0.0;0.0;0.0;0.0; aircraft controlled flight
1.0;0.0;1.0;0.0;0.0;0.0; aircraft departed airport
1.0;0.0;1.0;1.0;0.0;0.0; aircraft departed flight
1.0;1.0;1.0;1.0;1.0;1.0; airstrike resulted explosions
1.0;0.0;1.0;0.0;1.0;0.0; album completed singer
1.0;1.0;1.0;1.0;0.0;1.0; amount placed cylinder
1.0;1.0;1.0;1.0;1.0;1.0; analyzer identifies method
1.0;1.0;1.0;1.0;0.0;1.0; analyzer using method
0.0;0.0;1.0;0.0;0.0;0.0; anecdotes gathered workers
1.0;1.0;1.0;1.0;1.0;1.0; anger caused abuse
1.0;1.0;1.0;1.0;1.0;1.0; announcement caused stir
1.0;0.0;1.0;1.0;1.0;0.0; answer came paragraph
1.0;1.0;1.0;1.0;1.0;1.0; answer grows trend
1.0;0.0;1.0;0.0;0.0;0.0; answer popped riddle
1.0;1.0;1.0;1.0;1.0;1.0; anxiety caused accident
1.0;0.0;1.0;1.0;0.0;0.0; apparatus produces vessel
1.0;1.0;1.0;1.0;0.0;1.0; appellant killed malice
0.0;0.0;0.0;1.0;0.0;0.0; applicant accredited school
1.0;0.0;0.0;0.0;0.0;0.0; applicant graduated school
0.0;0.0;1.0;1.0;0.0;0.0; archives publish studies
1.0;0.0;1.0;0.0;0.0;0.0; area accommodated pen
1.0;0.0;0.0;0.0;0.0;0.0; area selected pen
1.0;0.0;1.0;1.0;1.0;1.0; areas added spaces
1.0;0.0;1.0;1.0;0.0;0.0; array developed group
0.0;0.0;0.0;1.0;0.0;0.0; article claiming music
1.0;1.0;1.0;1.0;1.0;1.0; article explains difficulties
1.0;0.0;1.0;1.0;0.0;1.0; article explore use
1.0;1.0;1.0;1.0;1.0;0.0; article explores impulsivity
1.0;0.0;1.0;0.0;0.0;0.0; article extracted book
1.0;0.0;1.0;1.0;1.0;1.0; article narrates experiences
1.0;1.0;1.0;1.0;1.0;1.0; article pointed problems
1.0;1.0;1.0;1.0;1.0;0.0; articles identified promotion
1.0;0.0;1.0;0.0;0.0;0.0; artist put can
0.0;0.0;0.0;1.0;0.0;0.0; artist restrained creations
0.0;0.0;1.0;1.0;0.0;0.0; artworks reveal view
1.0;0.0;1.0;1.0;0.0;0.0; assembly attaches cover
1.0;0.0;1.0;1.0;0.0;0.0; association assembled kits
1.0;0.0;1.0;1.0;0.0;0.0; associations turning receiverships
1.0;1.0;1.0;1.0;0.0;0.0; atmospheric chemistry include acid rain
1.0;1.0;1.0;1.0;1.0;1.0; attacker killed instrument
1.0;0.0;1.0;1.0;0.0;0.0; attractions advertised billboards
1.0;0.0;1.0;0.0;0.0;0.0; aunt fell health
1.0;0.0;0.0;0.0;0.0;0.0; aunt put care
1.0;0.0;0.0;0.0;0.0;0.0; author finished book
0.0;0.0;1.0;0.0;0.0;0.0; author identifies devil
1.0;1.0;1.0;1.0;0.0;0.0; avenger killed rifle
1.0;0.0;1.0;1.0;0.0;0.0; award bestowed organization
0.0;0.0;0.0;1.0;0.0;0.0; award given scholar
1.0;0.0;1.0;0.0;0.0;0.0; awards honour projects
0.0;0.0;0.0;1.0;0.0;0.0; bacteria sleeping sickness
1.0;0.0;1.0;1.0;1.0;0.0; bait got frig
1.0;1.0;1.0;1.0;1.0;1.0; ban caused debate
1.0;0.0;0.0;0.0;0.0;0.0; bank drawn plans
0.0;0.0;1.0;0.0;0.0;0.0; bark composed phloem
1.0;0.0;1.0;1.0;1.0;1.0; basin sunk depression
1.0;0.0;1.0;1.0;0.0;0.0; basis consisting population
1.0;1.0;1.0;1.0;0.0;0.0; bastard face velocity
1.0;1.0;1.0;1.0;0.0;0.0; bastard peels velocity
1.0;0.0;0.0;0.0;0.0;0.0; batter used balls
1.0;0.0;1.0;1.0;1.0;0.0; batteries provide power
1.0;1.0;1.0;1.0;1.0;1.0; beam generated emission
0.0;1.0;1.0;1.0;0.0;1.0; beginning explored documents
1.0;0.0;1.0;1.0;0.0;0.0; benefits described sentence
0.0;0.0;1.0;0.0;0.0;0.0; bill regulating commerce
1.0;1.0;1.0;1.0;0.0;0.0; binder goes trials
1.0;0.0;0.0;0.0;0.0;0.0; biosurfactant produced oil
1.0;0.0;0.0;0.0;0.0;0.0; biosurfactant used oil
1.0;0.0;0.0;1.0;0.0;0.0; blank made carton
1.0;1.0;1.0;1.0;1.0;1.0; blast caused mishandling
1.0;1.0;1.0;1.0;1.0;1.0; blaze triggered fault
1.0;0.0;1.0;0.0;1.0;0.0; blazes denote trail
1.0;1.0;1.0;1.0;1.0;1.0; bleeding caused injury
1.0;1.0;1.0;1.0;1.0;1.0; blisters appear herpes simplex virus
0.0;1.0;0.0;1.0;0.0;1.0; blisters caused antibodies
1.0;1.0;1.0;1.0;1.0;1.0; blisters caused herpes simplex virus
0.0;0.0;0.0;1.0;0.0;0.0; blogger going conversation
1.0;1.0;1.0;1.0;1.0;1.0; bloodshed caused growth
0.0;0.0;1.0;1.0;0.0;0.0; body abandoned laundry bag
0.0;0.0;0.0;1.0;0.0;0.0; body appointed elders
0.0;0.0;1.0;1.0;0.0;0.0; body comprised phrase
0.0;1.0;0.0;1.0;0.0;1.0; body found drum
1.0;0.0;0.0;0.0;0.0;0.0; body removed coffin
0.0;0.0;1.0;0.0;0.0;0.0; body specialized traders
0.0;0.0;0.0;1.0;0.0;0.0; body unleashes passenger
1.0;1.0;1.0;1.0;1.0;1.0; bomb dropped region
1.0;1.0;1.0;1.0;1.0;1.0; bomb killed bin
1.0;1.0;1.0;1.0;1.0;1.0; bombing resulted deaths
1.0;1.0;1.0;0.0;0.0;0.0; bombs thrown cars
0.0;0.0;1.0;1.0;0.0;0.0; book asserts relationship
1.0;0.0;1.0;0.0;0.0;0.0; book involves process
1.0;1.0;1.0;0.0;0.0;1.0; book made study
1.0;0.0;1.0;0.0;0.0;0.0; book provides role
1.0;0.0;1.0;0.0;0.0;0.0; book takes phases
1.0;0.0;1.0;0.0;0.0;0.0; books charted transformation
1.0;1.0;0.0;1.0;0.0;0.0; books dealing identification
1.0;0.0;1.0;0.0;0.0;0.0; boom hinged fitting
1.0;0.0;1.0;0.0;0.0;0.0; boom mounting fitting
1.0;0.0;1.0;0.0;0.0;0.0; bottle put container
0.0;0.0;1.0;0.0;0.0;0.0; box arrived braces
1.0;0.0;1.0;1.0;0.0;0.0; box contained system
1.0;0.0;0.0;0.0;0.0;0.0; box cutter hollowed book
1.0;0.0;1.0;0.0;0.0;0.0; box sending system
1.0;1.0;1.0;1.0;1.0;1.0; boys dragged fighting
1.0;0.0;1.0;0.0;0.0;0.0; brains removed dish
1.0;1.0;1.0;1.0;1.0;1.0; breakdown caused war
1.0;0.0;1.0;1.0;1.0;0.0; bureau established committee
1.0;1.0;1.0;1.0;1.0;1.0; burns caused liquids
1.0;0.0;1.0;0.0;0.0;0.0; busloads ran contention
0.0;0.0;1.0;0.0;0.0;0.0; cabinet encloses woofer
1.0;0.0;1.0;0.0;0.0;0.0; cache stolen goods
1.0;1.0;1.0;1.0;0.0;1.0; candidate approved program
1.0;0.0;1.0;0.0;0.0;0.0; candidate graduated program
1.0;0.0;1.0;1.0;1.0;0.0; car achieved engine
1.0;1.0;1.0;1.0;1.0;1.0; car using engine
1.0;0.0;0.0;0.0;0.0;0.0; cartridge marked ink
1.0;0.0;0.0;0.0;0.0;0.0; cat found trap
1.0;1.0;1.0;1.0;0.0;1.0; caterpillars caused disease
0.0;0.0;0.0;1.0;0.0;0.0; catheter inserted artery
1.0;0.0;0.0;0.0;0.0;0.0; caveats outlined e-mail
0.0;0.0;1.0;0.0;0.0;0.0; cells migrated tissues
1.0;0.0;1.0;0.0;0.0;0.0; cerebrum made hemispheres
1.0;1.0;1.0;1.0;0.0;0.0; certificate awarded product
0.0;0.0;0.0;1.0;0.0;0.0; chabazite contained multiple U-tube
1.0;1.0;1.0;1.0;0.0;1.0; chapter relates attempts
1.0;0.0;0.0;0.0;0.0;0.0; chapters included book
1.0;0.0;1.0;1.0;0.0;0.0; character devised producers
1.0;1.0;1.0;1.0;1.0;1.0; chart produced study
1.0;1.0;1.0;1.0;1.0;1.0; chemical produced gland
1.0;0.0;1.0;0.0;0.0;0.0; child killed nail
0.0;0.0;1.0;1.0;1.0;0.0; children participated competition
1.0;0.0;1.0;0.0;0.0;0.0; chunks fell airplane
1.0;1.0;1.0;1.0;1.0;1.0; circuit comprises converter
1.0;0.0;0.0;0.0;0.0;0.0; citations contained book
1.0;1.0;0.0;1.0;0.0;0.0; citizen landed battles
0.0;0.0;1.0;0.0;0.0;0.0; city constructed station
1.0;0.0;1.0;0.0;0.0;0.0; claim issued quarters
1.0;1.0;1.0;1.0;1.0;1.0; clashes including deaths
1.0;1.0;1.0;1.0;1.0;1.0; clashes resulted deaths
0.0;0.0;0.0;1.0;0.0;0.0; class examine therapeutic benefits
1.0;1.0;1.0;1.0;0.0;0.0; clauses invented framers
1.0;1.0;1.0;1.0;0.0;0.0; closure caused backup
1.0;1.0;1.0;1.0;1.0;1.0; clot caused seizure
1.0;1.0;1.0;1.0;1.0;1.0; clubs falling ownership
0.0;0.0;1.0;0.0;0.0;0.0; clustering resulted clusters
1.0;1.0;1.0;1.0;1.0;1.0; coalition established activities
1.0;0.0;1.0;1.0;1.0;0.0; cocaine constricted pressure
1.0;0.0;0.0;0.0;0.0;0.0; cocaine hidden cylinders
1.0;1.0;1.0;1.0;1.0;1.0; cocaine increased pressure
1.0;1.0;1.0;1.0;0.0;1.0; colors caused dispersion
1.0;1.0;1.0;1.0;0.0;1.0; comment made developer
1.0;1.0;1.0;1.0;0.0;1.0; comments provided readers
0.0;0.0;1.0;1.0;0.0;0.0; commissioner assisted officers
0.0;0.0;1.0;1.0;0.0;0.0; committee assists commission
0.0;0.0;1.0;1.0;1.0;1.0; committee composed people
0.0;0.0;1.0;1.0;0.0;1.0; committee made recommendations
0.0;0.0;1.0;1.0;0.0;0.0; committee secured creditors
1.0;1.0;1.0;1.0;1.0;1.0; community eluded positions
1.0;0.0;1.0;1.0;0.0;0.0; company addressed publication
1.0;0.0;1.0;1.0;0.0;0.0; company assembled portfolio
0.0;0.0;1.0;1.0;0.0;0.0; company determine benchmarking
1.0;0.0;1.0;1.0;1.0;0.0; company eluded obligations
1.0;1.0;1.0;1.0;0.0;1.0; company entered research
1.0;0.0;1.0;1.0;0.0;0.0; company established fireman
1.0;1.0;1.0;1.0;1.0;1.0; company landed trouble
0.0;1.0;1.0;1.0;0.0;0.0; company migrating segments
1.0;0.0;1.0;1.0;0.0;0.0; company mocked version
1.0;0.0;1.0;1.0;0.0;0.0; company using benchmarking
1.0;1.0;1.0;1.0;1.0;1.0; compilation governed considerations
0.0;1.0;1.0;1.0;0.0;1.0; complex treated poison
1.0;1.0;1.0;1.0;1.0;1.0; complication arose irradiation
1.0;1.0;1.0;1.0;1.0;1.0; complications resulted deaths
1.0;0.0;0.0;1.0;0.0;1.0; computer company running problems
1.0;0.0;0.0;0.0;0.0;0.0; computer kept area
1.0;1.0;1.0;1.0;0.0;1.0; conditions spreading areas
1.0;0.0;1.0;1.0;0.0;0.0; conference organised roundtables
1.0;1.0;1.0;1.0;0.0;1.0; conference started debate
1.0;1.0;1.0;1.0;1.0;1.0; conflict caused wastewater
1.0;1.0;1.0;1.0;1.0;1.0; congestion caused delays
1.0;0.0;1.0;1.0;0.0;0.0; constitution prepared leaders
1.0;0.0;1.0;1.0;1.0;0.0; containers fell dam
1.0;1.0;1.0;1.0;1.0;1.0; contamination caused residues
0.0;0.0;0.0;1.0;0.0;0.0; contestant gave answer
1.0;0.0;1.0;1.0;0.0;0.0; contractions caused prostaglandins
0.0;0.0;1.0;0.0;0.0;0.0; contractors using entrance
1.0;1.0;1.0;1.0;1.0;1.0; controversy arose assignment
1.0;1.0;1.0;1.0;0.0;1.0; controversy centered intelligence
1.0;0.0;1.0;1.0;0.0;0.0; convention declare ownership
0.0;0.0;1.0;0.0;0.0;0.0; convict protects claim
1.0;1.0;1.0;1.0;1.0;1.0; cook stirs coals
0.0;0.0;1.0;0.0;0.0;0.0; coolant contained bottle
0.0;0.0;0.0;1.0;0.0;0.0; cooper makes barrels
1.0;0.0;0.0;0.0;0.0;0.0; copper poured molds
1.0;1.0;1.0;1.0;1.0;0.0; corruption triggered utilities
1.0;0.0;1.0;1.0;0.0;0.0; coterie contributing editors
0.0;0.0;1.0;0.0;0.0;0.0; countries related history
0.0;0.0;0.0;0.0;1.0;0.0; couple piled waters
1.0;0.0;0.0;0.0;0.0;0.0; course comprises holes
1.0;1.0;1.0;1.0;0.0;0.0; court achieved rule
1.0;1.0;1.0;1.0;0.0;1.0; court using rule
1.0;0.0;1.0;0.0;0.0;0.0; cow produced milk
1.0;1.0;1.0;1.0;1.0;1.0; cow touched nuzzle
0.0;0.0;0.0;1.0;0.0;0.0; craftsperson creates representation
1.0;1.0;1.0;1.0;1.0;1.0; crash caused attack
1.0;1.0;1.0;1.0;1.0;1.0; crash caused meteor
0.0;0.0;0.0;1.0;0.0;1.0; creator played game
1.0;1.0;1.0;1.0;1.0;1.0; creatures caused scare
0.0;1.0;1.0;1.0;1.0;0.0; crimes investigated show
0.0;0.0;1.0;1.0;0.0;0.0; criminal got jail
1.0;1.0;1.0;1.0;1.0;1.0; crisis caused blockade
1.0;1.0;1.0;1.0;1.0;1.0; crisis caused cost
1.0;1.0;1.0;1.0;1.0;1.0; crisis caused jobless rate
1.0;1.0;1.0;1.0;1.0;1.0; crisis escalating cost
1.0;1.0;1.0;1.0;1.0;1.0; crisis originated sector
1.0;1.0;1.0;1.0;1.0;1.0; crisis spreading economy
1.0;1.0;1.0;1.0;1.0;1.0; criticism commented weaknesses
1.0;1.0;1.0;1.0;1.0;1.0; cross removed site
0.0;1.0;0.0;1.0;0.0;1.0; cushion stuffed feathers
1.0;1.0;1.0;1.0;1.0;1.0; damage caused aircraft
1.0;1.0;1.0;1.0;1.0;1.0; damage caused bombing
1.0;0.0;1.0;1.0;0.0;1.0; damage caused bullet
1.0;1.0;1.0;1.0;1.0;1.0; damage caused collision
1.0;1.0;1.0;1.0;1.0;1.0; damage caused earthquake
1.0;1.0;1.0;1.0;1.0;1.0; damage caused earthquakes
1.0;1.0;1.0;1.0;0.0;1.0; damage caused hallucinogens
1.0;1.0;1.0;1.0;1.0;1.0; damage caused industry
1.0;1.0;1.0;1.0;1.0;1.0; damage caused misuse
1.0;1.0;1.0;1.0;1.0;1.0; damage caused reconstruction
1.0;1.0;1.0;1.0;1.0;1.0; damage caused tornado
1.0;1.0;1.0;1.0;1.0;1.0; damage caused virus
1.0;1.0;1.0;1.0;1.0;1.0; data derived study
1.0;0.0;1.0;1.0;0.0;1.0; dataset extracted documents
1.0;0.0;0.0;0.0;0.0;0.0; daughter came idea
0.0;0.0;0.0;0.0;0.0;1.0; daughter fell coma
1.0;1.0;1.0;1.0;1.0;1.0; day thrown chaos
1.0;1.0;1.0;1.0;1.0;1.0; death caused cancellation
1.0;1.0;1.0;1.0;1.0;1.0; death caused tsunami
1.0;1.0;1.0;1.0;1.0;1.0; debris caused fire
1.0;1.0;1.0;1.0;1.0;1.0; declaration tackle climate change
1.0;1.0;1.0;1.0;1.0;1.0; decline caused collapse
0.0;1.0;0.0;0.0;0.0;0.0; defendant released custody
1.0;1.0;1.0;1.0;0.0;0.0; definition existing standards
1.0;1.0;1.0;1.0;1.0;1.0; definition made standards
1.0;1.0;1.0;1.0;1.0;1.0; deformation caused filling
1.0;1.0;1.0;1.0;1.0;1.0; delays caused governments
1.0;1.0;1.0;1.0;1.0;1.0; deleveraging triggered crisis
1.0;0.0;1.0;0.0;0.0;0.0; deposits put account
1.0;0.0;1.0;1.0;0.0;0.0; design driven studio
1.0;1.0;1.0;1.0;1.0;0.0; design evolved work
1.0;1.0;1.0;1.0;1.0;1.0; destruction caused war
0.0;1.0;1.0;1.0;1.0;0.0; details revealed interview
1.0;1.0;1.0;1.0;1.0;1.0; devastation caused earthquake
1.0;1.0;1.0;1.0;1.0;1.0; devastation caused fire
1.0;1.0;1.0;1.0;1.0;1.0; devastation caused flooding
1.0;1.0;1.0;1.0;1.0;1.0; devastation caused tsunami
1.0;1.0;1.0;1.0;1.0;1.0; devastation caused waste
1.0;1.0;1.0;1.0;1.0;1.0; devastation caused waves
1.0;1.0;1.0;1.0;1.0;1.0; devastation includes waste
1.0;0.0;1.0;1.0;0.0;1.0; device inserted port
1.0;0.0;1.0;1.0;1.0;1.0; dialogue covered economic impact
0.0;0.0;0.0;1.0;0.0;0.0; dips caused y-rays
1.0;1.0;1.0;1.0;0.0;1.0; dirt cause acne
1.0;1.0;1.0;1.0;1.0;1.0; disaster caused hurricane
1.0;1.0;1.0;1.0;1.0;1.0; discussion focusing violence
1.0;1.0;1.0;1.0;1.0;1.0; discussion made concept
1.0;1.0;1.0;1.0;1.0;1.0; discussion presented appendix
1.0;1.0;1.0;1.0;1.0;1.0; diseases caused gene mutations
1.0;1.0;1.0;1.0;1.0;1.0; disorders caused drinking
1.0;1.0;1.0;1.0;1.0;1.0; disorders caused mutation
0.0;0.0;1.0;0.0;0.0;0.0; display receives cable
1.0;1.0;1.0;1.0;0.0;0.0; display showing status
1.0;0.0;1.0;0.0;0.0;0.0; disposes designated area
1.0;1.0;1.0;1.0;1.0;1.0; dispute concerning interpretation
1.0;1.0;1.0;1.0;1.0;1.0; distraction caused incident
1.0;1.0;1.0;1.0;1.0;1.0; distraction coupled incident
1.0;1.0;1.0;1.0;1.0;1.0; disturbances build erosion
1.0;1.0;1.0;1.0;1.0;1.0; disturbances lead erosion
1.0;1.0;1.0;1.0;1.0;0.0; disturbances required erosion
1.0;1.0;1.0;1.0;1.0;1.0; dizziness caused injury
1.0;0.0;1.0;1.0;0.0;1.0; doctor tells sphygmomanometer
0.0;0.0;1.0;1.0;0.0;0.0; doctor using sphygmomanometer
1.0;1.0;1.0;1.0;1.0;1.0; document established levels
1.0;1.0;1.0;1.0;1.0;0.0; document sets facts
1.0;1.0;1.0;1.0;1.0;1.0; documents discussed meeting
1.0;1.0;1.0;1.0;1.0;1.0; documents troubling strategies
1.0;1.0;1.0;1.0;0.0;0.0; dollars put economy
1.0;1.0;1.0;1.0;1.0;1.0; dopamine causes depression
1.0;1.0;1.0;1.0;1.0;1.0; downturn made people
1.0;1.0;1.0;1.0;1.0;1.0; drag caused atmosphere
1.0;1.0;1.0;1.0;1.0;0.0; drilling threatens chemicals
1.0;1.0;1.0;1.0;1.0;1.0; drop caused recession
1.0;0.0;1.0;0.0;0.0;0.0; drug leaves brain
1.0;0.0;1.0;1.0;0.0;0.0; drug put tubes
1.0;1.0;1.0;1.0;1.0;1.0; dust collected caisson
1.0;1.0;1.0;1.0;1.0;1.0; dust produces irritation
1.0;1.0;1.0;1.0;1.0;0.0; dust set alarm
1.0;0.0;0.0;0.0;0.0;0.0; dynamite used blasting
1.0;1.0;1.0;1.0;1.0;1.0; effect achieved way
1.0;1.0;1.0;1.0;1.0;1.0; effect lighting light
1.0;1.0;1.0;1.0;0.0;0.0; effort gone development
1.0;1.0;1.0;1.0;1.0;1.0; efforts invested objective
1.0;0.0;0.0;0.0;0.0;0.0; egg came species
1.0;0.0;1.0;1.0;1.0;1.0; election caused appointment
1.0;1.0;1.0;1.0;1.0;1.0; electrical short caused fire
1.0;1.0;1.0;1.0;1.0;0.0; electricity produced biomass
0.0;0.0;0.0;1.0;0.0;0.0; electronic engineer migrated embedded software
1.0;1.0;1.0;1.0;1.0;1.0; energy caused posters
1.0;1.0;1.0;1.0;1.0;1.0; energy going source
0.0;0.0;0.0;1.0;0.0;0.0; engineer designed machine
0.0;0.0;1.0;1.0;1.0;0.0; engineer worked machine
1.0;0.0;1.0;1.0;0.0;0.0; engineers devised method
1.0;0.0;1.0;0.0;0.0;0.0; entrance shows building
1.0;1.0;1.0;1.0;1.0;1.0; entrapments resulted suffocation
1.0;0.0;0.0;0.0;0.0;0.0; episode documented video
1.0;1.0;1.0;1.0;1.0;1.0; error caused tags
1.0;0.0;0.0;0.0;0.0;0.0; essay surveying literature
1.0;0.0;0.0;0.0;0.0;0.0; essays collected book
0.0;0.0;0.0;1.0;0.0;0.0; evening centered courage
1.0;1.0;1.0;1.0;1.0;1.0; events caused dissolution
1.0;1.0;1.0;1.0;1.0;1.0; evidence arose results
1.0;1.0;1.0;1.0;1.0;1.0; evidence came study
1.0;0.0;1.0;0.0;0.0;0.0; examination started head
1.0;1.0;1.0;1.0;1.0;1.0; excerpt revolved theme
0.0;0.0;1.0;0.0;0.0;0.0; exhibition displayed view
0.0;0.0;0.0;1.0;0.0;0.0; exhibition examines contacts
1.0;0.0;1.0;1.0;1.0;1.0; exhibition sustained contacts
0.0;1.0;1.0;1.0;0.0;1.0; existence revealed speech
1.0;1.0;1.0;1.0;1.0;1.0; expansion resulted movements
1.0;1.0;1.0;1.0;0.0;1.0; experience ensued blend
1.0;0.0;1.0;1.0;0.0;0.0; explanation set appendix
1.0;0.0;1.0;1.0;1.0;0.0; exploration moving waters
1.0;1.0;1.0;1.0;1.0;1.0; explosion caused crater
1.0;1.0;1.0;1.0;1.0;1.0; explosion triggered blast
1.0;0.0;1.0;1.0;0.0;0.0; fable illustrates progress
0.0;0.0;0.0;1.0;0.0;0.0; family constructed features
0.0;1.0;0.0;1.0;0.0;1.0; family supporting features
0.0;0.0;0.0;1.0;0.0;0.0; family went village
1.0;1.0;0.0;1.0;0.0;0.0; father killed bar
1.0;1.0;1.0;1.0;1.0;1.0; fear caused power
1.0;1.0;1.0;1.0;1.0;1.0; fear caused stab
1.0;1.0;1.0;1.0;1.0;1.0; fear suffered stab
1.0;1.0;1.0;1.0;1.0;1.0; fear triggered death
1.0;1.0;1.0;1.0;0.0;1.0; fees became discussion
0.0;1.0;1.0;1.0;0.0;0.0; fees charged discussion
1.0;0.0;1.0;0.0;0.0;0.0; feet sunk floor
0.0;0.0;0.0;1.0;0.0;0.0; fetus derived embryo
1.0;1.0;1.0;1.0;0.0;0.0; figure illustrates results
1.0;0.0;0.0;0.0;0.0;0.0; figurine hidden cake
0.0;0.0;1.0;0.0;0.0;0.0; files linked bust
1.0;0.0;0.0;1.0;0.0;0.0; files reveal plot
1.0;1.0;1.0;1.0;0.0;0.0; film asserts tenacity
1.0;0.0;1.0;1.0;1.0;0.0; film departed fare
1.0;0.0;1.0;1.0;0.0;0.0; film reveals economy
0.0;0.0;0.0;1.0;0.0;0.0; film revolves cadaver
0.0;0.0;1.0;1.0;0.0;0.0; film uses flashbacks
1.0;1.0;1.0;1.0;0.0;0.0; films delivered viewers
1.0;0.0;0.0;0.0;0.0;0.0; films portrayed mental illness
1.0;0.0;1.0;1.0;0.0;0.0; films reap filmmakers
0.0;0.0;1.0;0.0;0.0;0.0; finger found can
1.0;1.0;1.0;1.0;1.0;1.0; fire originated area
1.0;0.0;1.0;1.0;0.0;0.0; firefighters described horror
0.0;0.0;1.0;1.0;0.0;0.0; firm co-founded head
1.0;1.0;1.0;1.0;1.0;0.0; firm reeased report
1.0;0.0;1.0;1.0;0.0;0.0; first part gives techniques
1.0;0.0;1.0;0.0;1.0;0.0; fish pushed sea
1.0;0.0;0.0;0.0;0.0;0.0; fish swim shoal
0.0;0.0;1.0;0.0;0.0;0.0; flakeboard decommissioned guardrail
0.0;0.0;1.0;0.0;0.0;0.0; flakeboard produced guardrail
1.0;0.0;1.0;0.0;0.0;0.0; flights departing airspace
1.0;1.0;1.0;1.0;1.0;1.0; flooding caused clogging
1.0;1.0;1.0;1.0;1.0;1.0; flooding caused cyclone
1.0;1.0;1.0;1.0;1.0;1.0; floods caused rains
1.0;1.0;1.0;1.0;1.0;1.0; flu cause stress
1.0;1.0;1.0;1.0;1.0;1.0; flu include chills
1.0;1.0;1.0;1.0;1.0;1.0; flu increases stress
0.0;1.0;1.0;1.0;0.0;1.0; fluid spread body
1.0;1.0;1.0;1.0;0.0;1.0; fluids enclosed cylinder
1.0;1.0;1.0;1.0;0.0;1.0; forces defeated troops
1.0;0.0;1.0;1.0;0.0;0.0; founder growing agency
0.0;1.0;0.0;1.0;0.0;1.0; fox tore fury
0.0;0.0;1.0;1.0;0.0;0.0; fuel delivered bunker
1.0;0.0;1.0;1.0;0.0;0.0; funds invested schemes
1.0;1.0;1.0;1.0;1.0;1.0; fungi cause disease
1.0;0.0;1.0;0.0;1.0;0.0; gas centrifuge born camp
1.0;0.0;1.0;1.0;1.0;0.0; gases emanated sources
1.0;0.0;1.0;1.0;0.0;0.0; generations departed future survival
1.0;1.0;1.0;1.0;1.0;1.0; generator creates principle
1.0;1.0;1.0;1.0;1.0;1.0; generator using principle
0.0;0.0;0.0;1.0;0.0;0.0; gift arrived friend
1.0;0.0;0.0;0.0;0.0;0.0; girl finds companion
1.0;1.0;1.0;1.0;0.0;1.0; girl journeyed danger
1.0;0.0;1.0;1.0;0.0;0.0; government established agency
1.0;1.0;1.0;1.0;1.0;0.0; guard scowling look
0.0;0.0;0.0;1.0;0.0;0.0; guards left building
1.0;1.0;1.0;1.0;1.0;1.0; guide outlines issues
1.0;0.0;0.0;1.0;0.0;0.0; guy thought story
1.0;1.0;1.0;1.0;0.0;1.0; hair loss caused stress
1.0;1.0;1.0;1.0;1.0;1.0; hall fell disuse
1.0;0.0;1.0;0.0;0.0;0.0; hand formed gestures
0.0;0.0;1.0;0.0;0.0;0.0; hardwire put brain
1.0;1.0;1.0;1.0;1.0;1.0; harm caused flood
1.0;1.0;1.0;1.0;1.0;1.0; harm caused quake
0.0;0.0;1.0;0.0;0.0;1.0; head popped clothing
0.0;0.0;0.0;1.0;0.0;0.0; heart created artist
1.0;0.0;1.0;0.0;0.0;0.0; help arrived quarter
0.0;0.0;1.0;0.0;0.0;0.0; hinge repaired book
0.0;0.0;1.0;0.0;0.0;0.0; history ( book
1.0;0.0;1.0;0.0;0.0;0.0; history set book
1.0;1.0;1.0;1.0;0.0;0.0; holder appears spiral
1.0;0.0;1.0;1.0;1.0;1.0; hole caused missile
1.0;1.0;1.0;1.0;1.0;1.0; hormone produced gland
0.0;0.0;1.0;0.0;0.0;0.0; houses built government
1.0;1.0;1.0;1.0;1.0;1.0; humiliation comes people
0.0;0.0;1.0;0.0;0.0;0.0; hydrants tested facility
1.0;0.0;0.0;0.0;0.0;0.0; hyperlink inserted field
1.0;0.0;1.0;0.0;0.0;0.0; hypothesis asserting domination
1.0;0.0;0.0;0.0;0.0;0.0; ice broke shore
1.0;1.0;1.0;1.0;1.0;1.0; idiot pulls motion
1.0;1.0;1.0;1.0;1.0;1.0; illness caused bacteria
1.0;1.0;1.0;1.0;0.0;1.0; illness triggered chickenpox
1.0;1.0;1.0;1.0;0.0;1.0; illusion examined experiments
1.0;0.0;1.0;1.0;0.0;0.0; images found reliquary
1.0;1.0;1.0;1.0;1.0;1.0; imbalance caused torque
0.0;0.0;1.0;1.0;0.0;1.0; immigrant arrives port
1.0;1.0;1.0;1.0;1.0;1.0; impact caused slit
1.0;1.0;1.0;1.0;0.0;0.0; impact investigated work
1.0;1.0;1.0;1.0;1.0;1.0; implications indicated publication
1.0;1.0;1.0;1.0;1.0;1.0; incident caused entry
1.0;1.0;1.0;1.0;1.0;1.0; incidents resulted injuries
1.0;1.0;1.0;1.0;1.0;1.0; incidents resulted poisonings
0.0;1.0;1.0;1.0;0.0;0.0; income went administration
1.0;1.0;1.0;1.0;1.0;1.0; incoming water caused stain
1.0;1.0;1.0;1.0;1.0;1.0; inconvenience caused fence
1.0;0.0;1.0;1.0;0.0;0.0; index generated package
1.0;0.0;1.0;0.0;0.0;0.0; index using package
1.0;0.0;1.0;0.0;1.0;1.0; industries emerging economies
1.0;0.0;1.0;0.0;0.0;0.0; industry constitutes economy
0.0;0.0;1.0;0.0;0.0;0.0; industry recycling backfill
1.0;1.0;1.0;1.0;1.0;1.0; infection caused fungus
1.0;0.0;1.0;0.0;1.0;0.0; information came press release
1.0;1.0;1.0;1.0;1.0;1.0; injuries caused fireworks
1.0;1.0;1.0;1.0;1.0;1.0; injuries obtained fireworks
1.0;1.0;1.0;1.0;1.0;1.0; injury caused person
1.0;0.0;0.0;1.0;0.0;0.0; inspector left yard
1.0;0.0;0.0;0.0;0.0;0.0; insulin extracted pancreases
1.0;1.0;1.0;1.0;1.0;1.0; interaction arose layers
0.0;0.0;1.0;0.0;0.0;0.0; internal auditors moved locations
1.0;1.0;1.0;1.0;1.0;1.0; investigations provided evidence
1.0;1.0;1.0;1.0;1.0;1.0; ion derived acid
1.0;1.0;1.0;1.0;1.0;1.0; irritants cause coughing
1.0;1.0;1.0;1.0;1.0;0.0; issues addressed myth
0.0;1.0;1.0;1.0;0.0;0.0; item shipped customer
1.0;0.0;1.0;1.0;0.0;0.0; items arrived store
0.0;1.0;1.0;1.0;0.0;0.0; items shipped customer
1.0;0.0;0.0;0.0;0.0;0.0; joke driven comedy
0.0;0.0;1.0;0.0;0.0;0.0; journal takes history
1.0;1.0;1.0;1.0;0.0;0.0; journalists become discussion
0.0;0.0;0.0;1.0;0.0;0.0; kids ran place
1.0;0.0;1.0;0.0;0.0;0.0; kingdom comprises areas
1.0;1.0;1.0;0.0;0.0;1.0; labor put building
1.0;0.0;0.0;1.0;0.0;0.0; lactoferrin transported blood
1.0;0.0;0.0;0.0;0.0;0.0; larvae placed vial
0.0;0.0;1.0;0.0;0.0;0.0; laugh erected hairs
0.0;0.0;1.0;1.0;0.0;0.0; launcher receives system
1.0;1.0;1.0;1.0;0.0;0.0; law covering registration
1.0;1.0;1.0;1.0;1.0;1.0; laws applying war
1.0;0.0;0.0;0.0;0.0;0.0; leader handed police
1.0;0.0;1.0;1.0;1.0;1.0; leaflet informing qualities
1.0;1.0;1.0;1.0;1.0;1.0; leakage caused person
1.0;0.0;1.0;1.0;1.0;1.0; lectures summarised thoughts
0.0;0.0;1.0;0.0;0.0;0.0; letter arrived headquarters
1.0;1.0;1.0;1.0;1.0;1.0; letter contained dispute
0.0;0.0;1.0;0.0;0.0;0.0; letter contains copy
1.0;0.0;1.0;1.0;1.0;0.0; letter contains instructions
1.0;0.0;1.0;1.0;0.0;1.0; letter discussing teaching duties
0.0;0.0;1.0;1.0;0.0;0.0; letter encloses copy
0.0;0.0;0.0;1.0;0.0;0.0; letter sent group
1.0;1.0;1.0;1.0;0.0;1.0; liberties set laws
1.0;0.0;0.0;0.0;0.0;0.0; license issued state
1.0;0.0;1.0;0.0;1.0;0.0; life related movie
0.0;0.0;0.0;0.0;0.0;1.0; ligature assists performer
0.0;0.0;1.0;0.0;0.0;0.0; light broken table-lamp
1.0;1.0;1.0;1.0;1.0;1.0; light emanated table-lamp
1.0;1.0;1.0;1.0;1.0;1.0; light radiating face
1.0;1.0;1.0;1.0;1.0;1.0; light radiating friend
1.0;1.0;1.0;1.0;1.0;1.0; lighting rendering works
1.0;0.0;1.0;1.0;0.0;0.0; list generated call
1.0;1.0;1.0;1.0;0.0;0.0; list prepared records
1.0;0.0;1.0;0.0;1.0;0.0; log- jam pending cases
0.0;0.0;0.0;1.0;0.0;0.0; lord continues giving
0.0;0.0;0.0;1.0;0.0;0.0; lord demonstrate giving
1.0;0.0;1.0;1.0;0.0;0.0; lychee resonating note
1.0;0.0;1.0;1.0;0.0;0.0; lychee stirs note
1.0;0.0;1.0;0.0;0.0;0.0; machine contains reservoir
0.0;0.0;1.0;0.0;0.0;0.0; maid fell balcony
0.0;1.0;0.0;1.0;0.0;1.0; mainspring winding watch
0.0;0.0;0.0;1.0;1.0;0.0; man carried car
1.0;0.0;0.0;0.0;0.0;0.0; man relaxes testosterone
0.0;0.0;1.0;0.0;0.0;0.0; manna hidden pot
0.0;0.0;0.0;1.0;0.0;0.0; manufacturer assembles parts
0.0;0.0;1.0;1.0;0.0;0.0; manufacturer using parts
0.0;0.0;1.0;1.0;0.0;0.0; manuscript introduced justice
1.0;0.0;1.0;1.0;0.0;0.0; maternity wards sinking chaos
1.0;0.0;1.0;1.0;0.0;1.0; measure gained lectures
1.0;1.0;1.0;1.0;1.0;1.0; mechanism composed magnet
0.0;0.0;1.0;0.0;0.0;0.0; mechanism consists bridge
0.0;0.0;1.0;0.0;0.0;0.0; mechanism enclosed bath
0.0;1.0;1.0;1.0;0.0;0.0; mechanism seated magnet
1.0;0.0;0.0;0.0;0.0;0.0; medal contained box
1.0;0.0;1.0;1.0;0.0;1.0; media treated mixture
1.0;0.0;0.0;0.0;0.0;0.0; medicine given patient
0.0;1.0;1.0;1.0;1.0;0.0; meeting decided vote
1.0;1.0;1.0;1.0;0.0;1.0; members drafted ordinance
0.0;0.0;1.0;0.0;0.0;0.0; memo gives lineup
1.0;1.0;1.0;1.0;0.0;1.0; merger running opposition
1.0;0.0;0.0;1.0;0.0;0.0; methane migrated wells
1.0;1.0;1.0;1.0;0.0;0.0; method clearing combination
1.0;0.0;1.0;1.0;0.0;0.0; method comprises step
1.0;0.0;1.0;0.0;0.0;0.0; method comprises steps
1.0;1.0;1.0;1.0;1.0;1.0; method discovered scholar
1.0;0.0;1.0;1.0;0.0;1.0; method use combination
0.0;0.0;1.0;0.0;0.0;0.0; methods adopted paper
0.0;0.0;1.0;0.0;0.0;0.0; methods described paper
1.0;1.0;1.0;1.0;1.0;1.0; methods described publication
0.0;1.0;1.0;1.0;0.0;1.0; methods preceding paper
1.0;1.0;1.0;1.0;1.0;1.0; misinterpretation caused word
1.0;1.0;1.0;1.0;0.0;0.0; model derived example
1.0;1.0;1.0;1.0;1.0;1.0; model developed event
1.0;0.0;0.0;0.0;0.0;0.0; module imported browser
1.0;0.0;1.0;0.0;0.0;0.0; money buy pocket
1.0;0.0;1.0;0.0;1.0;0.0; money coming pocket
1.0;0.0;1.0;0.0;1.0;0.0; money handed custody
1.0;1.0;1.0;1.0;0.0;1.0; monsoons caused change
0.0;0.0;1.0;1.0;0.0;0.0; mosaicism derived mutation
1.0;0.0;1.0;1.0;0.0;0.0; mosaicism observed mutation
1.0;1.0;1.0;1.0;1.0;0.0; motet grows idea
1.0;0.0;1.0;1.0;0.0;0.0; mother sank depression
1.0;0.0;1.0;1.0;0.0;0.0; motions regarding discipline
1.0;0.0;1.0;1.0;0.0;0.0; motor built canister
1.0;0.0;0.0;0.0;0.0;0.0; motor using belt
1.0;0.0;0.0;0.0;0.0;0.0; movie featured sheep
1.0;0.0;0.0;0.0;0.0;0.0; movie mutated sheep
1.0;1.0;1.0;1.0;1.0;1.0; murders result conviction
1.0;0.0;1.0;0.0;0.0;0.0; mushroom found mass
1.0;0.0;0.0;1.0;0.0;0.0; musician treated preparation
1.0;0.0;1.0;1.0;0.0;0.0; name derived address
1.0;0.0;1.0;1.0;0.0;0.0; name derived series
1.0;0.0;1.0;1.0;1.0;0.0; name leaked article
0.0;0.0;1.0;1.0;0.0;0.0; name leaked chatrooms
1.0;0.0;1.0;1.0;0.0;0.0; name originated times
1.0;0.0;0.0;0.0;0.0;0.0; nanotubes introduced cavity
1.0;1.0;1.0;1.0;1.0;1.0; narrative comprises interplay
0.0;0.0;0.0;1.0;0.0;0.0; narrative telling history
0.0;0.0;1.0;1.0;0.0;0.0; needs approaching society
0.0;0.0;1.0;0.0;0.0;0.0; neologisms come literature
1.0;1.0;1.0;1.0;1.0;1.0; neuron unleashes jolt
0.0;0.0;1.0;1.0;0.0;0.0; newsletter informed happenings
1.0;0.0;1.0;0.0;0.0;0.0; newsletter keep happenings
0.0;0.0;0.0;1.0;0.0;0.0; newsletter published happenings
1.0;0.0;1.0;1.0;1.0;0.0; noise biasing resistors
1.0;1.0;1.0;1.0;1.0;1.0; noise caused powertrain
1.0;1.0;1.0;1.0;1.0;1.0; noise caused resistors
1.0;1.0;1.0;1.0;1.0;1.0; noise triggered quake
1.0;0.0;1.0;0.0;0.0;0.0; nose lined tissue
1.0;0.0;1.0;1.0;0.0;0.0; note explain rating
1.0;0.0;1.0;1.0;0.0;1.0; notes detailing ideas
1.0;0.0;1.0;1.0;0.0;1.0; notes give changes
1.0;1.0;1.0;1.0;0.0;0.0; notification declares names
1.0;0.0;0.0;0.0;0.0;0.0; nucleocapsids transported nuclei
1.0;0.0;0.0;0.0;0.0;0.0; number applied mathematicians
0.0;0.0;1.0;0.0;0.0;0.0; nunt originating cuisine
1.0;0.0;1.0;0.0;0.0;0.0; observations determine kinematics
1.0;0.0;1.0;1.0;0.0;0.0; offenders absconded officers
0.0;1.0;1.0;1.0;0.0;0.0; offers placed catalog
1.0;0.0;1.0;1.0;0.0;1.0; officer battered ram
0.0;0.0;1.0;1.0;0.0;0.0; officer reached apparatus
1.0;0.0;0.0;0.0;0.0;0.0; officer using apparatus
0.0;0.0;1.0;0.0;0.0;0.0; offices placed building
0.0;0.0;1.0;0.0;0.0;0.0; officials involved dossier
1.0;1.0;0.0;1.0;0.0;0.0; oil comes runoff
1.0;1.0;1.0;1.0;0.0;1.0; oil polluting runoff
1.0;0.0;0.0;0.0;0.0;0.0; oil pressed flour
1.0;0.0;1.0;0.0;1.0;0.0; ointment put eyelid
0.0;0.0;1.0;1.0;0.0;0.0; optimization viewed engineers
1.0;0.0;1.0;1.0;0.0;1.0; organisms spreading areas
0.0;0.0;1.0;0.0;0.0;0.0; organization founded student
1.0;1.0;1.0;1.0;0.0;1.0; organizations manage resources
1.0;0.0;1.0;0.0;0.0;0.0; ornaments blown molds
0.0;0.0;1.0;1.0;0.0;0.0; ossicone grows cartilage
1.0;1.0;1.0;1.0;1.0;1.0; outbreak caused vaccine
1.0;0.0;0.0;0.0;0.0;0.0; outline focuses spirituality
1.0;1.0;1.0;1.0;1.0;1.0; pact come effect
0.0;0.0;1.0;0.0;0.0;0.0; paddle called canister
0.0;1.0;1.0;0.0;0.0;1.0; page carries conventions
1.0;0.0;1.0;1.0;1.0;0.0; page explains terms
1.0;1.0;1.0;1.0;0.0;0.0; page used terms
1.0;0.0;1.0;0.0;0.0;0.0; pages explain significance
0.0;0.0;1.0;0.0;0.0;0.0; pages found tankard
0.0;0.0;1.0;0.0;0.0;0.0; pages wadded tankard
1.0;1.0;1.0;1.0;1.0;1.0; pain caused strains
1.0;1.0;1.0;1.0;1.0;1.0; pain caused torment
0.0;0.0;1.0;0.0;0.0;0.0; painting depicting being
1.0;1.0;1.0;1.0;1.0;1.0; pandemic caused infection
1.0;1.0;1.0;1.0;1.0;1.0; pandemic caused virus
0.0;1.0;1.0;1.0;0.0;1.0; paper constructed thesis
0.0;0.0;1.0;0.0;0.0;1.0; paper describe derivation
0.0;0.0;1.0;1.0;0.0;0.0; paper narrated discovery
1.0;0.0;1.0;1.0;0.0;1.0; paper presents review
1.0;1.0;1.0;1.0;0.0;1.0; paragraphs introduce ideas
1.0;0.0;1.0;1.0;0.0;0.0; parameters described text
1.0;1.0;1.0;1.0;0.0;1.0; patient induced coma
1.0;0.0;0.0;1.0;0.0;1.0; patient placed coma
1.0;0.0;1.0;0.0;0.0;1.0; people migrated areas
0.0;1.0;0.0;1.0;0.0;0.0; people pushed hunger
0.0;0.0;0.0;1.0;0.0;0.0; person assists employee
1.0;0.0;1.0;0.0;0.0;0.0; person came brakes
1.0;0.0;1.0;1.0;0.0;1.0; person created content
1.0;0.0;1.0;1.0;0.0;1.0; person creates couverture
0.0;0.0;0.0;1.0;0.0;0.0; person prepares goods
1.0;0.0;1.0;1.0;0.0;0.0; perturbations caused moon
1.0;0.0;0.0;0.0;0.0;0.0; petition described oil
0.0;0.0;1.0;0.0;0.0;0.0; phone moved prototype stage
0.0;0.0;1.0;1.0;0.0;0.0; phonograph developed work
1.0;1.0;1.0;1.0;0.0;0.0; photograph forgotten memory
1.0;0.0;1.0;0.0;0.0;0.0; photos leaked journal
1.0;0.0;0.0;0.0;0.0;0.0; phrase originated e-mail
1.0;1.0;1.0;1.0;1.0;1.0; phrase originates argument
1.0;0.0;0.0;0.0;0.0;0.0; physicist came term
1.0;0.0;0.0;0.0;0.0;0.0; pilot crash-landed parking lot
1.0;1.0;1.0;1.0;1.0;1.0; pilots flown trouble
1.0;1.0;0.0;0.0;0.0;0.0; plague biting insects
1.0;0.0;0.0;0.0;0.0;0.0; plane went dive
0.0;0.0;0.0;1.0;0.0;0.0; plant builds vehicles
0.0;1.0;0.0;1.0;0.0;0.0; plant used vehicles
1.0;1.0;1.0;1.0;1.0;0.0; plasma generated discharge
0.0;0.0;0.0;1.0;0.0;0.0; player moved next round
1.0;0.0;0.0;1.0;0.0;1.0; player vibrating string
1.0;0.0;1.0;1.0;0.0;0.0; plurality predetermined features
0.0;0.0;1.0;1.0;0.0;1.0; pole resides receptacle
1.0;0.0;1.0;1.0;0.0;0.0; policy presented prevention
1.0;0.0;0.0;0.0;0.0;0.0; political science revolves government
1.0;1.0;1.0;1.0;1.0;1.0; pollution caused shipwreck
0.0;0.0;1.0;1.0;0.0;0.0; pollution causes warming
1.0;0.0;0.0;0.0;0.0;0.0; polonium contained tantalum capsule
1.0;0.0;0.0;0.0;0.0;0.0; polynucleotide derived species
1.0;1.0;1.0;1.0;0.0;1.0; population fell peak
0.0;0.0;0.0;1.0;0.0;0.0; position defined canon law
1.0;0.0;1.0;0.0;0.0;0.0; posts imported installation
1.0;1.0;1.0;1.0;0.0;1.0; posts offending writer
1.0;0.0;0.0;0.0;0.0;0.0; powder discovered roll
1.0;1.0;1.0;1.0;1.0;1.0; power supply derived power-pack
1.0;0.0;1.0;0.0;0.0;0.0; preforms blown bottles
1.0;1.0;1.0;1.0;1.0;0.0; president running bankruptcy
1.0;0.0;1.0;1.0;0.0;0.0; press continues results
1.0;0.0;1.0;0.0;0.0;0.0; press digest results
1.0;0.0;0.0;1.0;0.0;0.0; probe amplified fragment
1.0;0.0;0.0;1.0;0.0;0.0; probe generated fragment
1.0;1.0;1.0;1.0;1.0;1.0; problems ensued policy
1.0;1.0;1.0;1.0;1.0;1.0; problems pointed study
1.0;1.0;1.0;1.0;1.0;1.0; process caused stricture
1.0;1.0;1.0;1.0;1.0;1.0; processes ) acids
1.0;1.0;1.0;1.0;1.0;1.0; proclamation declares flu
1.0;0.0;0.0;1.0;0.0;0.0; producer paid programs
1.0;0.0;1.0;1.0;1.0;0.0; producer required machinery
1.0;0.0;1.0;1.0;0.0;0.0; products governed agreement
0.0;0.0;1.0;0.0;0.0;0.0; products grown defendant
1.0;1.0;1.0;1.0;0.0;0.0; products shipped areas
1.0;1.0;1.0;1.0;0.0;1.0; profiles used teachers
1.0;0.0;1.0;1.0;0.0;0.0; program based author
0.0;0.0;0.0;1.0;0.0;0.0; program creates notes
1.0;1.0;1.0;1.0;0.0;1.0; program developed author
1.0;0.0;1.0;1.0;0.0;0.0; program recorded notes
1.0;1.0;1.0;1.0;1.0;1.0; programme consider happiness
1.0;1.0;1.0;1.0;0.0;1.0; project assess state
1.0;1.0;1.0;1.0;0.0;0.0; project regulate standard
1.0;1.0;1.0;1.0;0.0;1.0; projects investigating aspects
1.0;0.0;1.0;1.0;0.0;1.0; projects landing markets
1.0;0.0;1.0;1.0;1.0;0.0; promises made leaders
1.0;0.0;1.0;1.0;1.0;0.0; proposals outlined speech
0.0;0.0;1.0;1.0;0.0;0.0; proverb consisting parts
1.0;1.0;1.0;1.0;1.0;1.0; publication analyzes developments
1.0;1.0;1.0;1.0;1.0;1.0; publication interprets developments
0.0;1.0;1.0;1.0;0.0;1.0; publications commenting similarities
1.0;0.0;1.0;1.0;0.0;0.0; pump employs coupling
1.0;1.0;1.0;1.0;1.0;1.0; question raised announcement
0.0;0.0;1.0;1.0;0.0;0.0; questionnaire comprises sections
1.0;1.0;1.0;1.0;0.0;0.0; radio informed development
0.0;0.0;0.0;1.0;0.0;0.0; radio keeps development
1.0;0.0;0.0;0.0;0.0;0.0; radio wave travelling outer space
1.0;1.0;1.0;1.0;1.0;1.0; raid resulted crisis
1.0;1.0;1.0;1.0;1.0;1.0; rain come downtown
1.0;0.0;1.0;1.0;0.0;0.0; rain evaporated forest canopy
1.0;1.0;1.0;1.0;1.0;1.0; rainbows caused refraction
1.0;1.0;1.0;1.0;1.0;1.0; rash caused fungal imbalance
0.0;0.0;1.0;0.0;0.0;0.0; ray theory study layer
1.0;1.0;1.0;1.0;1.0;1.0; receiver outputting tone
1.0;1.0;1.0;1.0;1.0;1.0; recession triggered collapse
1.0;0.0;0.0;0.0;0.0;0.0; referee enforcing game
1.0;1.0;1.0;1.0;0.0;1.0; regulation governing access
1.0;0.0;1.0;0.0;0.0;0.0; regulation using valve
1.0;1.0;1.0;1.0;1.0;1.0; regulations entered force
1.0;1.0;1.0;1.0;1.0;1.0; relationship thrown chaos
1.0;1.0;1.0;1.0;1.0;1.0; remark came person
1.0;0.0;1.0;1.0;0.0;0.0; remnants left storm
0.0;0.0;1.0;1.0;0.0;0.0; remote control fell water
0.0;1.0;1.0;1.0;0.0;1.0; report assesses degree
1.0;1.0;1.0;1.0;1.0;1.0; report fulfills requirements
1.0;1.0;1.0;1.0;1.0;1.0; report giving activities
0.0;0.0;1.0;0.0;0.0;0.0; report provides societal impacts
1.0;1.0;1.0;1.0;1.0;1.0; report supplying motives
0.0;1.0;1.0;1.0;0.0;1.0; reproductive toxicity caused nitrite
1.0;1.0;1.0;1.0;1.0;1.0; request arrived firm
1.0;0.0;1.0;1.0;0.0;0.0; request sent moderator
1.0;1.0;1.0;1.0;0.0;0.0; researcher approached categories
1.0;1.0;1.0;1.0;1.0;1.0; researcher predetermined categories
1.0;1.0;1.0;1.0;0.0;0.0; researcher started programme
0.0;1.0;1.0;1.0;0.0;0.0; researcher started question
1.0;1.0;1.0;1.0;0.0;0.0; researchers produced report
1.0;0.0;1.0;1.0;0.0;0.0; reservoir put operation
1.0;1.0;1.0;1.0;1.0;1.0; resource documenting results
1.0;0.0;1.0;1.0;0.0;0.0; respondents using programs
1.0;1.0;1.0;1.0;1.0;1.0; response caused ripple
1.0;0.0;1.0;1.0;0.0;0.0; responsibilities handed care
1.0;0.0;1.0;0.0;0.0;0.0; restaurant fallen list
1.0;1.0;1.0;1.0;0.0;0.0; results documented films
1.0;0.0;1.0;1.0;0.0;0.0; ring unleashes power
1.0;1.0;1.0;1.0;1.0;1.0; riots bashing verdict
1.0;1.0;1.0;1.0;1.0;1.0; riots triggered verdict
1.0;1.0;0.0;1.0;0.0;1.0; robbers ran scene
1.0;0.0;0.0;0.0;0.0;0.0; rock built strokes
0.0;0.0;1.0;0.0;0.0;0.0; room moved corner
0.0;1.0;1.0;1.0;0.0;0.0; roundtables organised keywords
1.0;1.0;1.0;1.0;0.0;0.0; rule driven approach
1.0;1.0;1.0;1.0;1.0;1.0; rule governs use
1.0;1.0;1.0;1.0;1.0;1.0; rules establish criteria
1.0;1.0;0.0;0.0;0.0;1.0; rules regulate behavior
1.0;1.0;1.0;1.0;1.0;1.0; sadness leads fear
1.0;1.0;1.0;1.0;1.0;1.0; sadness leads murder
0.0;0.0;1.0;0.0;0.0;0.0; satellite manoeuvred orbit
1.0;0.0;1.0;1.0;1.0;1.0; scheme establishing access
0.0;1.0;0.0;0.0;0.0;0.0; science fiction deal roles
0.0;1.0;0.0;1.0;0.0;1.0; scientists compiled map
0.0;1.0;0.0;1.0;0.0;1.0; scientists treated antiboitics
1.0;0.0;0.0;1.0;0.0;0.0; script creates index
1.0;1.0;1.0;1.0;0.0;0.0; script defined index
1.0;0.0;1.0;0.0;0.0;0.0; search started scales
1.0;0.0;0.0;1.0;0.0;0.0; seawater make ions
1.0;1.0;1.0;1.0;1.0;1.0; seminar gave system
0.0;1.0;1.0;1.0;1.0;1.0; series examined crimes
0.0;0.0;0.0;1.0;0.0;0.0; series investigating rites
1.0;0.0;0.0;0.0;0.0;0.0; serum pressed cheeses
0.0;0.0;1.0;0.0;0.0;0.0; server driven approach
1.0;1.0;0.0;1.0;0.0;1.0; server identifies identifier
1.0;1.0;0.0;1.0;0.0;0.0; server using identifier
1.0;1.0;0.0;1.0;0.0;0.0; sessions selected abstracts
0.0;0.0;1.0;1.0;0.0;0.0; setup put chimney
1.0;0.0;1.0;1.0;1.0;1.0; sheets concerned aspects
1.0;0.0;1.0;1.0;1.0;1.0; shifts caused gas flows
0.0;0.0;1.0;0.0;0.0;0.0; ship departed harbour
1.0;0.0;1.0;0.0;1.0;0.0; ship dissapeared harbour
1.0;0.0;1.0;1.0;0.0;0.0; shipments arrived stock
1.0;1.0;1.0;1.0;0.0;1.0; shops produced clocks
1.0;1.0;1.0;1.0;1.0;1.0; shortages mounting riots
1.0;0.0;1.0;1.0;1.0;0.0; shot caused wound
1.0;1.0;1.0;1.0;1.0;1.0; show offers discussion
1.0;0.0;0.0;0.0;0.0;0.0; show pulled slot
1.0;1.0;1.0;1.0;1.0;1.0; signal departs sine
1.0;1.0;1.0;1.0;1.0;1.0; singer demonstrates song
0.0;0.0;1.0;0.0;0.0;0.0; sketch setting ideas
0.0;1.0;1.0;0.0;0.0;0.0; skills developed surgery
1.0;0.0;1.0;0.0;0.0;0.0; slide triggered crew
1.0;1.0;0.0;0.0;0.0;0.0; song composed musician
1.0;0.0;1.0;1.0;0.0;0.0; song criticizes hypocrisy
1.0;1.0;1.0;1.0;1.0;1.0; song crumbling group
0.0;1.0;0.0;1.0;0.0;0.0; song entered contest
1.0;1.0;0.0;1.0;0.0;1.0; song featured character
1.0;1.0;1.0;1.0;0.0;1.0; song performed character
1.0;0.0;1.0;1.0;1.0;1.0; sound came structure
1.0;1.0;1.0;1.0;1.0;1.0; sound captures combination
1.0;1.0;1.0;1.0;1.0;0.0; sound made viper
1.0;1.0;1.0;1.0;1.0;1.0; sounds made species
1.0;0.0;0.0;0.0;0.0;0.0; species imported country
1.0;0.0;0.0;0.0;0.0;0.0; species spreading areas
1.0;1.0;1.0;1.0;0.0;1.0; speech addressing practices
0.0;1.0;1.0;1.0;1.0;1.0; speech caused combustion
1.0;1.0;1.0;1.0;1.0;1.0; speech criticised idea
1.0;1.0;1.0;1.0;1.0;1.0; speech known problems
1.0;1.0;1.0;1.0;1.0;1.0; speech set belief
1.0;1.0;1.0;1.0;1.0;0.0; spike caused glitch
1.0;1.0;1.0;1.0;1.0;1.0; spill caused tanker
1.0;1.0;1.0;1.0;1.0;1.0; spills caused hurricane
0.0;1.0;1.0;1.0;0.0;0.0; squad armed militants
1.0;0.0;1.0;1.0;0.0;0.0; squads battered shots
0.0;0.0;1.0;0.0;0.0;0.0; staff using tools
1.0;1.0;1.0;1.0;1.0;1.0; statement revealed departure
1.0;1.0;1.0;1.0;1.0;1.0; station receives device
1.0;0.0;1.0;1.0;0.0;0.0; statute declared trade
1.0;1.0;1.0;1.0;0.0;0.0; statutes declare policy
1.0;1.0;1.0;1.0;1.0;1.0; steam produced combustion
1.0;0.0;0.0;0.0;0.0;0.0; stone made pot
0.0;0.0;1.0;0.0;0.0;0.0; stone put pot
0.0;0.0;0.0;1.0;0.0;0.0; stories based historical truths
1.0;0.0;0.0;0.0;0.0;0.0; stories featured book
0.0;0.0;0.0;1.0;0.0;0.0; stories spawned prequels
1.0;1.0;1.0;1.0;1.0;1.0; storm caused cancellation
1.0;1.0;1.0;1.0;1.0;1.0; storm generated cold front
1.0;1.0;1.0;1.0;1.0;1.0; storm generated upwelling
1.0;1.0;1.0;1.0;1.0;1.0; storm moving town
1.0;1.0;1.0;1.0;0.0;1.0; story alleging existence
0.0;0.0;1.0;0.0;0.0;1.0; story created students
1.0;0.0;1.0;1.0;0.0;1.0; story tell conquest
1.0;0.0;0.0;0.0;0.0;0.0; storylines narrated chapters
1.0;0.0;1.0;1.0;0.0;0.0; streaks caused particles
1.0;0.0;1.0;1.0;0.0;0.0; streaks see particles
1.0;1.0;1.0;1.0;1.0;1.0; stress caused battles
1.0;1.0;1.0;1.0;1.0;1.0; strike resulted death
1.0;1.0;1.0;1.0;1.0;1.0; struggle caused disturbance
1.0;0.0;1.0;0.0;1.0;0.0; student came solution
1.0;0.0;0.0;0.0;0.0;0.0; student spent application
1.0;1.0;1.0;1.0;1.0;1.0; students enforced violence
1.0;0.0;1.0;0.0;0.0;0.0; studies migrating inquiry
1.0;1.0;1.0;1.0;1.0;1.0; study assessed evaluations
1.0;1.0;1.0;1.0;1.0;1.0; study using evaluations
1.0;1.0;1.0;1.0;0.0;1.0; subject imply implication
0.0;0.0;1.0;1.0;0.0;0.0; substance exported cytoplasm
1.0;0.0;1.0;1.0;0.0;0.0; substance found letter
1.0;1.0;1.0;1.0;1.0;1.0; suffering caused bomb
1.0;1.0;1.0;1.0;1.0;1.0; suffering caused crisis
1.0;1.0;1.0;1.0;1.0;1.0; suffering caused embargo
1.0;1.0;1.0;1.0;1.0;1.0; suffering caused exploitation
1.0;0.0;1.0;1.0;0.0;0.0; supreme court applied amendment
0.0;0.0;1.0;0.0;0.0;0.0; surface divided plates
1.0;0.0;1.0;0.0;0.0;0.0; survivors moved houses
1.0;0.0;1.0;0.0;0.0;0.0; sweetcorn filled cobs
1.0;0.0;1.0;0.0;0.0;0.0; sweetcorn produced cobs
1.0;0.0;1.0;1.0;0.0;0.0; system built modules
1.0;1.0;1.0;1.0;1.0;1.0; system composed glands
1.0;0.0;1.0;0.0;0.0;1.0; system contains antennas
1.0;1.0;1.0;1.0;1.0;1.0; system generating power
1.0;0.0;1.0;1.0;0.0;0.0; system using rig
1.0;0.0;0.0;0.0;0.0;0.0; table serves data
0.0;0.0;1.0;0.0;0.0;0.0; tableau placed room
0.0;1.0;0.0;1.0;0.0;1.0; tail caused solar wind
1.0;1.0;1.0;1.0;1.0;0.0; talent emanated village
1.0;1.0;1.0;1.0;1.0;1.0; tales concerning concerns
1.0;0.0;0.0;0.0;0.0;0.0; talk peacekeeping operations
1.0;0.0;1.0;1.0;0.0;0.0; talk related tricks
1.0;1.0;1.0;1.0;0.0;1.0; talk tackles challenges
0.0;1.0;1.0;1.0;0.0;0.0; talks moving overtime
0.0;0.0;1.0;1.0;0.0;0.0; talks regarding contract
1.0;0.0;0.0;1.0;0.0;0.0; tapir hit hoof
1.0;0.0;0.0;0.0;0.0;0.0; teacher completed book
0.0;0.0;0.0;1.0;0.0;0.0; teacher using literature
1.0;0.0;1.0;1.0;0.0;1.0; teaching experience involves anecdotes
1.0;0.0;1.0;1.0;1.0;1.0; teaching experience telling anecdotes
0.0;0.0;1.0;1.0;0.0;0.0; team assembled team
0.0;0.0;1.0;1.0;0.0;0.0; team includes general counsel
1.0;1.0;1.0;1.0;1.0;1.0; team prevailed brilliance
0.0;0.0;0.0;1.0;0.0;0.0; team travelling territory
0.0;0.0;1.0;0.0;0.0;0.0; tears flown river
1.0;0.0;1.0;0.0;0.0;0.0; technical terms defined glossary section
1.0;0.0;1.0;1.0;0.0;0.0; technician uses in-circuit emulator
1.0;1.0;1.0;1.0;1.0;1.0; technique consists laser
1.0;0.0;1.0;1.0;1.0;1.0; technique heating laser
1.0;1.0;1.0;1.0;0.0;1.0; technique used combination
1.0;1.0;1.0;1.0;1.0;1.0; tension caused fighting
1.0;0.0;1.0;1.0;0.0;1.0; term derived metaphor
1.0;1.0;1.0;1.0;1.0;1.0; term originates expression
0.0;0.0;1.0;0.0;0.0;0.0; terrorists broke jail
1.0;0.0;1.0;1.0;0.0;0.0; test added exam
0.0;1.0;1.0;1.0;0.0;1.0; tests using substance
1.0;0.0;1.0;0.0;0.0;0.0; text handles material
1.0;0.0;1.0;1.0;0.0;0.0; texts relate anecdotes
0.0;0.0;1.0;1.0;0.0;0.0; theory governed exchange
0.0;0.0;1.0;0.0;0.0;0.0; theory sprout journalists
1.0;0.0;1.0;1.0;0.0;1.0; thesis asserted book
0.0;0.0;0.0;1.0;0.0;0.0; thesis defines clinical characteristics
0.0;1.0;1.0;1.0;1.0;1.0; think tank considering issues
1.0;1.0;1.0;1.0;1.0;1.0; ticks caused discomfort
1.0;0.0;1.0;1.0;0.0;0.0; timers booted event
0.0;1.0;0.0;1.0;0.0;0.0; timers started event
1.0;1.0;1.0;1.0;0.0;0.0; title derived quip
0.0;0.0;1.0;1.0;0.0;0.0; tongue stuck canteen
1.0;0.0;1.0;0.0;0.0;0.0; tool designed handles
1.0;0.0;1.0;1.0;1.0;0.0; tools sped process
1.0;1.0;1.0;1.0;1.0;1.0; topic came discussion
1.0;1.0;1.0;1.0;1.0;1.0; topics placed categories
1.0;0.0;0.0;1.0;0.0;0.0; topics related song
0.0;0.0;0.0;0.0;0.0;1.0; train going photographer
1.0;0.0;1.0;1.0;1.0;0.0; transformer driven shield
1.0;1.0;1.0;1.0;0.0;1.0; treaty establishes rule
1.0;1.0;1.0;1.0;0.0;1.0; tree growing woods
1.0;1.0;1.0;1.0;1.0;1.0; trio lit blaze
0.0;0.0;1.0;0.0;0.0;0.0; trio performs artists
0.0;0.0;1.0;1.0;0.0;0.0; troops arrived areas
1.0;0.0;1.0;1.0;0.0;0.0; tsunami missing displacement
1.0;1.0;1.0;1.0;1.0;1.0; tsunami resulted displacement
1.0;1.0;1.0;1.0;1.0;1.0; tsunami triggered earthquake
1.0;0.0;1.0;0.0;0.0;0.0; tube introduced container
1.0;1.0;1.0;1.0;1.0;1.0; turbines generate electricity
0.0;0.0;0.0;1.0;0.0;0.0; tutorial aims musical theory
0.0;0.0;0.0;1.0;0.0;0.0; tutorial summarise musical theory
1.0;0.0;1.0;1.0;0.0;0.0; types introduced sections
1.0;1.0;1.0;1.0;1.0;1.0; ulcer caused stress
1.0;1.0;1.0;1.0;1.0;1.0; ulcers caused infectious agent
1.0;1.0;1.0;1.0;1.0;1.0; user using gestures
1.0;0.0;1.0;1.0;1.0;0.0; vacancy created retirement
0.0;1.0;1.0;1.0;0.0;1.0; valves flows heart
0.0;1.0;1.0;1.0;0.0;0.0; valves make heart
1.0;0.0;1.0;1.0;1.0;0.0; variations caused stratospheric winds
0.0;1.0;1.0;1.0;0.0;1.0; vehicles brought city
1.0;1.0;1.0;1.0;0.0;1.0; verbalizations focused questions
0.0;0.0;1.0;0.0;0.0;0.0; vessels defaced badge
1.0;1.0;1.0;1.0;1.0;1.0; vibrations caused movement
1.0;1.0;1.0;1.0;0.0;0.0; view rooted perspective
1.0;1.0;1.0;1.0;1.0;1.0; virus caused pandemic
1.0;0.0;0.0;1.0;0.0;0.0; virus originated bird
1.0;1.0;1.0;1.0;1.0;1.0; viruses caused infections
1.0;1.0;1.0;1.0;1.0;1.0; visit caused sensation
1.0;1.0;1.0;1.0;1.0;0.0; voltage instigates reaction
0.0;0.0;1.0;1.0;0.0;1.0; volume analyzes concepts
0.0;0.0;1.0;0.0;0.0;0.0; volume presents inscriptions
0.0;0.0;1.0;1.0;0.0;1.0; volume synthesizes understanding
1.0;0.0;1.0;1.0;0.0;0.0; wainwright lathing shapes
1.0;0.0;1.0;1.0;0.0;0.0; wainwright whittling shapes
1.0;0.0;1.0;1.0;0.0;0.0; wainwright worked shapes
1.0;0.0;0.0;0.0;0.0;0.0; wares made potter
1.0;1.0;1.0;1.0;0.0;1.0; water evaporated evaporators
1.0;0.0;0.0;0.0;0.0;0.0; water flowing lakes
1.0;0.0;1.0;0.0;0.0;0.0; water poured river
1.0;0.0;1.0;0.0;0.0;0.0; water put tank
1.0;0.0;1.0;0.0;0.0;0.0; water put well
0.0;0.0;1.0;1.0;0.0;1.0; way peel debate
1.0;1.0;1.0;1.0;1.0;0.0; weather report informed storm conditions
1.0;1.0;1.0;1.0;1.0;1.0; weight caused collapse
1.0;0.0;1.0;1.0;1.0;0.0; wheels revolutionized grinding
1.0;1.0;1.0;1.0;1.0;1.0; wind catch fire
1.0;1.0;1.0;1.0;1.0;1.0; wind caused draft
1.0;1.0;1.0;1.0;1.0;1.0; wind caused fire
1.0;1.0;1.0;1.0;1.0;0.0; wind swirling draft
1.0;1.0;1.0;1.0;1.0;1.0; winds caused moisture
1.0;0.0;0.0;0.0;0.0;0.0; woman taken family
1.0;0.0;0.0;1.0;0.0;0.0; women developed style
1.0;1.0;1.0;1.0;0.0;0.0; word derived term
1.0;0.0;0.0;0.0;0.0;0.0; word derived verb
1.0;0.0;1.0;1.0;0.0;0.0; word descended root
0.0;0.0;0.0;1.0;0.0;1.0; word originates race
1.0;0.0;1.0;1.0;1.0;0.0; words flowed curate
1.0;1.0;1.0;1.0;1.0;1.0; work explored themes
0.0;0.0;1.0;1.0;0.0;1.0; work prepared employee
1.0;1.0;1.0;1.0;1.0;0.0; work started end
1.0;0.0;1.0;1.0;0.0;0.0; workpackage comprise tasks
1.0;0.0;1.0;1.0;0.0;0.0; workpackage following tasks
1.0;0.0;1.0;0.0;0.0;0.0; workshop introduced tools
1.0;0.0;1.0;1.0;0.0;0.0; world created process
1.0;0.0;0.0;0.0;0.0;0.0; world employs animation
1.0;0.0;0.0;0.0;0.0;0.0; world enclosed egg
0.0;0.0;0.0;1.0;0.0;0.0; world live life
0.0;0.0;1.0;1.0;0.0;0.0; writer created series
0.0;0.0;1.0;0.0;0.0;0.0; young left nest
1.0;1.0;1.0;1.0;1.0;1.0;influenza caused virus
Case5;Case6;Case7;Case8;Case9;Case10;Class
